00000852.png,319
00003688.png,347
00001732.png,442
00000346.png,304
00002626.png,548
00002908.png,818
00004894.png,909
00003924.png,599
00003969.png,399
00003719.png,731
00000389.png,887
00000082.png,816
00003010.png,123
00003587.png,13
00001956.png,502
00001265.png,751
00000385.png,647
00002704.png,61
00000146.png,303
00001702.png,702
00002918.png,441
00004648.png,832
00002412.png,815
00004339.png,426
00002634.png,767
00000965.png,980
00001167.png,835
00001125.png,912
00000556.png,550
00004361.png,8
00004736.png,894
00004004.png,438
00002065.png,669
00001228.png,577
00003305.png,355
00000357.png,871
00000004.png,752
00002917.png,939
00002879.png,476
00003442.png,963
00004514.png,48
00003558.png,840
00000953.png,778
00003093.png,936
00004561.png,885
00002333.png,572
00001411.png,991
00001050.png,327
00000729.png,818
00000695.png,672
00002418.png,854
00003393.png,590
00001297.png,547
00004898.png,563
00003406.png,370
00000805.png,407
00001918.png,479
00004449.png,734
00000667.png,743
00003229.png,536
00002497.png,780
00004698.png,327
00001490.png,437
00004496.png,535
00004671.png,607
00001736.png,612
00003865.png,947
00000227.png,631
00001464.png,429
00001249.png,815
00001429.png,112
00004124.png,670
00004878.png,884
00002759.png,108
00001775.png,541
00003500.png,652
00001669.png,875
00003427.png,953
00002477.png,866
00000743.png,960
00002320.png,666
00003272.png,594
00004741.png,484
00003961.png,983
00001138.png,789
00001387.png,18
00003982.png,316
00000480.png,765
00004198.png,331
00003981.png,779
00001611.png,746
00004326.png,805
00000091.png,74
00000826.png,14
00000891.png,718
00004567.png,758
00000919.png,939
00001150.png,831
00004780.png,719
00004363.png,86
00003992.png,686
00000404.png,738
00000784.png,555
00002277.png,973
00004657.png,96
00002593.png,431
00001192.png,880
00004297.png,573
00000931.png,898
00001559.png,735
00001952.png,598
00001032.png,874
00000407.png,808
00001914.png,459
00002057.png,821
00002429.png,328
00000015.png,898
00004481.png,884
00000323.png,574
00003129.png,255
00002074.png,820
00001443.png,457
00000684.png,858
00000136.png,744
00004274.png,652
00002299.png,739
00003385.png,66
00001713.png,391
00001501.png,73
00003563.png,697
00000027.png,547
00001398.png,437
00002738.png,920
00000869.png,867
00001041.png,403
00000781.png,831
00001977.png,88
00004181.png,282
00002805.png,647
00002285.png,992
00004811.png,939
00000833.png,459
00001858.png,909
00001591.png,615
00002510.png,699
00004098.png,395
00000617.png,536
00000402.png,51
00001816.png,581
00004667.png,498
00004624.png,490
00001334.png,447
00002163.png,296
00004149.png,305
00002166.png,439
00004364.png,592
00003445.png,940
00001629.png,698
00004424.png,109
00001545.png,455
00000295.png,443
00002223.png,577
00000973.png,932
00004250.png,534
00000910.png,818
00002694.png,438
00001022.png,712
00003342.png,582
00001327.png,544
00004398.png,50
00001049.png,133
00002199.png,709
00004569.png,499
00002825.png,859
00002402.png,738
00003437.png,79
00001569.png,676
00004773.png,699
00000629.png,479
00004406.png,260
00002252.png,534
00003003.png,631
00004509.png,559
00003859.png,818
00004790.png,135
00003034.png,968
00003576.png,819
00003196.png,615
00000865.png,348
00001601.png,563
00003830.png,554
00004630.png,701
00004745.png,794
00003319.png,740
00004686.png,587
00002380.png,747
00004095.png,540
00004284.png,578
00003377.png,920
00000280.png,405
00002059.png,480
00003120.png,602
00000453.png,913
00002266.png,505
00004172.png,142
00001460.png,415
00004587.png,612
00002664.png,672
00000077.png,580
00003847.png,857
00003938.png,92
00001063.png,347
00004886.png,587
00003538.png,328
00000836.png,426
00001620.png,347
00002506.png,545
00001403.png,441
00001220.png,519
00000371.png,650
00001862.png,825
00004492.png,701
00004319.png,546
00000325.png,566
00004147.png,831
00003074.png,550
00003484.png,433
00000645.png,787
00001082.png,378
00000428.png,329
00004079.png,68
00001003.png,752
00002501.png,583
00004576.png,747
00000316.png,766
00004568.png,80
00004216.png,441
00000628.png,548
00003388.png,642
00004742.png,507
00004541.png,479
00001678.png,339
00004985.png,638
00003143.png,90
00000690.png,848
00000553.png,882
00003741.png,969
00003559.png,557
00001015.png,638
00000932.png,548
00004466.png,363
00001567.png,361
00000749.png,451
00002645.png,918
00001236.png,704
00003280.png,700
00000772.png,708
00002016.png,631
00001175.png,142
00000299.png,699
00002481.png,699
00000886.png,405
00003184.png,793
00003557.png,779
00004532.png,402
00003626.png,851
00000022.png,885
00002837.png,22
00004134.png,484
00004426.png,976
00000271.png,352
00000943.png,880
00001725.png,86
00003565.png,517
00000548.png,2
00000813.png,629
00001399.png,548
00004681.png,510
00002184.png,773
00002898.png,934
00002924.png,735
00001617.png,113
00001832.png,459
00003534.png,30
00000274.png,947
00003917.png,624
00004765.png,836
00003762.png,567
00003327.png,768
00004700.png,83
00004802.png,642
00004028.png,948
00004912.png,320
00003877.png,119
00004144.png,806
00003053.png,338
00001199.png,625
00001010.png,445
00000841.png,566
00003821.png,412
00002298.png,407
00001379.png,430
00000107.png,854
00004263.png,86
00002379.png,790
00002598.png,615
00003186.png,660
00001570.png,519
00002341.png,913
00001946.png,435
00003103.png,334
00001730.png,655
00001271.png,510
00002317.png,889
00004253.png,480
00002791.png,721
00003246.png,783
00000959.png,830
00004853.png,147
00002038.png,889
00000539.png,108
00000215.png,512
00002574.png,896
00002504.png,40
00001934.png,132
00002029.png,680
00001430.png,114
00000138.png,526
00004375.png,309
00000541.png,458
00002719.png,115
00004806.png,657
00001553.png,537
00000240.png,323
00003889.png,519
00004228.png,620
00002988.png,781
00000338.png,484
00004142.png,306
00004644.png,781
00001380.png,805
00001577.png,517
00000888.png,402
00002623.png,417
00000750.png,717
00003182.png,386
00002025.png,547
00004210.png,760
00002750.png,859
00002930.png,548
00001126.png,600
00003519.png,839
00001075.png,819
00003752.png,740
00003210.png,190
00004158.png,709
00004444.png,310
00001782.png,850
00001264.png,986
00003126.png,116
00004199.png,329
00004835.png,23
00000253.png,473
00004014.png,778
00000997.png,638
00000065.png,971
00001330.png,722
00003826.png,482
00001635.png,957
00000372.png,240
00001573.png,526
00002678.png,775
00000232.png,620
00000683.png,389
00004547.png,581
00000041.png,645
00002129.png,906
00002813.png,934
00000981.png,304
00004097.png,581
00001189.png,978
00004302.png,540
00003919.png,526
00001168.png,499
00001549.png,449
00000732.png,252
00003218.png,634
00004077.png,85
00000533.png,418
00002810.png,806
00000263.png,918
00001928.png,876
00001258.png,734
00000267.png,9
00002777.png,418
00002885.png,341
00004596.png,886
00002154.png,709
00003373.png,303
00000906.png,581
00002962.png,145
00004182.png,474
00003914.png,667
00000878.png,305
00002449.png,541
00002028.png,550
00004720.png,702
00002392.png,630
00000715.png,991
00001538.png,108
00004434.png,449
00003806.png,491
00002290.png,408
00000985.png,472
00003061.png,116
00004694.png,406
00001513.png,885
00003911.png,158
00000811.png,709
00004613.png,536
00002206.png,793
00002739.png,834
00000103.png,657
00002027.png,985
00000740.png,920
00002616.png,328
00003866.png,269
00000101.png,973
00004758.png,752
00003736.png,814
00001337.png,699
00002368.png,95
00002442.png,972
00004916.png,441
00004831.png,876
00000916.png,322
00004788.png,12
00003119.png,451
00002776.png,752
00003809.png,136
00001565.png,920
00000602.png,975
00000651.png,443
00001842.png,950
00003380.png,830
00000889.png,920
00001664.png,170
00002758.png,833
00004311.png,746
00000513.png,514
00003794.png,416
00004001.png,299
00003324.png,588
00003106.png,569
00001312.png,356
00004719.png,499
00004990.png,885
00004670.png,536
00004423.png,657
00001218.png,986
00004498.png,73
00000882.png,739
00004750.png,533
00000903.png,923
00002275.png,499
00003957.png,284
00004964.png,317
00003951.png,891
00002488.png,133
00000909.png,934
00002006.png,438
00004462.png,764
00003490.png,892
00003633.png,204
00002448.png,878
00000710.png,880
00003707.png,757
00003205.png,400
00000578.png,521
00003408.png,685
00001262.png,612
00004751.png,550
00004231.png,542
00000096.png,515
00003508.png,357
00001998.png,868
00002222.png,498
00002585.png,964
00003291.png,687
00000864.png,367
00001073.png,604
00000416.png,52
00002242.png,141
00000174.png,920
00003357.png,782
00002363.png,304
00003850.png,59
00001350.png,397
00001552.png,908
00004409.png,586
00001305.png,609
00003527.png,457
00001701.png,323
00003237.png,798
00000199.png,782
00001324.png,418
00002514.png,539
00004477.png,48
00004872.png,548
00000050.png,128
00001117.png,705
00003700.png,904
00002466.png,638
00001170.png,510
00004174.png,529
00003896.png,772
00001758.png,718
00001021.png,885
00003317.png,567
00003399.png,536
00000958.png,929
00002642.png,79
00004682.png,864
00004352.png,874
00000593.png,595
00002083.png,58
00002906.png,663
00001190.png,776
00004157.png,51
00003447.png,970
00001468.png,320
00001364.png,319
00001685.png,864
00002037.png,962
00003543.png,565
00001025.png,931
00001498.png,875
00003335.png,756
00001321.png,536
00001971.png,518
00000126.png,475
00003138.png,701
00004600.png,243
00004067.png,833
00004457.png,548
00003193.png,648
00000422.png,840
00000840.png,962
00002516.png,323
00002994.png,442
00004474.png,671
00001083.png,559
00004937.png,683
00002692.png,390
00003133.png,1
00004556.png,735
00003832.png,791
00003165.png,696
00000384.png,921
00002367.png,481
00004645.png,890
00000791.png,311
00002227.png,473
00001872.png,971
00003021.png,680
00003976.png,508
00003887.png,578
00001203.png,987
00003453.png,675
00002983.png,472
00001624.png,517
00001465.png,764
00003364.png,905
00003642.png,211
00000396.png,407
00003796.png,783
00002300.png,686
00000202.png,986
00002563.png,422
00004060.png,347
00000039.png,962
00001724.png,901
00002979.png,304
00002699.png,854
00001548.png,339
00001556.png,747
00003212.png,718
00002537.png,108
00004447.png,518
00004140.png,612
00000947.png,981
00001017.png,778
00001479.png,396
00000454.png,472
00002697.png,653
00004507.png,289
00002628.png,615
00002244.png,830
00001124.png,435
00000884.png,662
00002171.png,924
00003906.png,463
00002034.png,800
00000284.png,310
00000243.png,764
00004486.png,3
00003711.png,580
00000607.png,760
00000109.png,806
00003666.png,63
00004256.png,344
00000642.png,404
00004331.png,627
00004248.png,311
00000434.png,635
00002741.png,960
00000591.png,830
00000961.png,423
00002445.png,480
00000758.png,689
00002186.png,822
00004118.png,817
00001448.png,657
00003294.png,564
00000261.png,972
00002995.png,454
00003634.png,460
00002013.png,898
00001154.png,324
00000042.png,547
00002020.png,885
00002732.png,307
00000988.png,866
00004416.png,916
00001793.png,135
00000221.png,519
00004125.png,68
00004013.png,885
00002260.png,52
00003452.png,106
00000060.png,706
00004609.png,473
00001444.png,975
00001240.png,364
00001521.png,144
00003564.png,675
00001796.png,820
00003523.png,779
00002866.png,71
00000437.png,662
00001836.png,830
00001729.png,716
00004511.png,621
00004717.png,330
00003429.png,847
00000116.png,468
00002187.png,859
00004017.png,790
00001214.png,437
00003176.png,843
00002789.png,311
00004335.png,299
00002263.png,986
00000976.png,583
00001261.png,489
00000849.png,968
00001636.png,392
00002715.png,769
00001033.png,939
00004343.png,693
00000786.png,913
00000858.png,591
00004922.png,865
00002861.png,449
00001654.png,23
00002610.png,878
00002518.png,898
00001677.png,974
00002714.png,985
00000275.png,921
00004876.png,788
00003137.png,773
00002653.png,23
00000664.png,629
00001512.png,559
00001719.png,645
00004833.png,875
00002022.png,653
00003835.png,423
00004402.png,40
00004094.png,905
00001308.png,537
00003675.png,837
00004840.png,678
00002411.png,663
00004679.png,261
00001001.png,71
00002583.png,976
00003347.png,910
00000756.png,780
00003401.png,730
00001965.png,92
00004598.png,975
00004792.png,509
00000067.png,669
00002608.png,14
00003044.png,322
00004464.png,878
00002720.png,875
00004455.png,481
00001162.png,503
00000660.png,780
00002726.png,320
00000070.png,534
00003304.png,897
00001039.png,889
00004619.png,792
00002126.png,582
00002891.png,760
00002997.png,600
00002992.png,833
00000003.png,501
00004321.png,490
00000885.png,918
00003754.png,568
00002460.png,886
00001588.png,766
00002214.png,318
00002747.png,451
00004534.png,982
00004243.png,402
00004526.png,539
00000148.png,806
00001679.png,465
00000294.png,312
00001030.png,680
00003554.png,843
00000170.png,498
00004061.png,981
00003404.png,748
00002947.png,755
00004543.png,841
00004226.png,706
00004476.png,40
00000053.png,777
00003864.png,508
00004289.png,317
00000231.png,306
00004553.png,747
00003925.png,785
00001437.png,449
00002730.png,252
00001731.png,291
00000862.png,760
00004291.png,484
00000829.png,522
00003786.png,436
00004794.png,964
00004103.png,790
00003468.png,424
00001890.png,628
00003606.png,927
00000446.png,668
00003332.png,563
00004495.png,875
00004353.png,615
00003283.png,838
00003169.png,513
00000293.png,318
00003772.png,795
00000440.png,960
00003378.png,902
00001326.png,407
00002755.png,782
00001753.png,533
00001776.png,498
00001801.png,480
00000877.png,885
00001766.png,758
00002546.png,2
00004640.png,79
00002790.png,11
00003892.png,820
00004838.png,581
00000704.png,82
00003610.png,830
00001602.png,50
00004925.png,647
00004714.png,766
00001317.png,387
00000191.png,888
00002723.png,901
00000023.png,761
00003994.png,235
00003945.png,419
00002349.png,397
00000397.png,519
00000327.png,539
00000229.png,473
00002505.png,848
00000488.png,854
00004453.png,101
00002268.png,840
00003243.png,866
00002469.png,720
00003815.png,393
00004235.png,50
00004818.png,778
00000111.png,38
00000801.png,23
00004397.png,744
00003337.png,962
00003203.png,792
00000518.png,323
00000056.png,888
00000181.png,641
00003590.png,90
00000087.png,977
00002682.png,858
00000627.png,422
00001023.png,460
00004675.png,339
00001533.png,133
00000893.png,760
00000340.png,581
00002513.png,550
00002123.png,39
00000845.png,990
00004349.png,459
00004417.png,629
00004042.png,501
00000489.png,545
00001895.png,326
00004517.png,893
00001092.png,326
00000719.png,386
00001136.png,64
00000441.png,58
00002295.png,533
00003556.png,979
00004461.png,429
00001854.png,641
00003684.png,56
00003693.png,464
00001818.png,766
00004073.png,472
00000333.png,458
00003298.png,840
00001358.png,705
00000095.png,664
00001960.png,423
00000579.png,974
00002269.png,352
00001250.png,571
00002408.png,260
00001436.png,628
00004738.png,976
00001435.png,91
00002846.png,604
00004266.png,840
00002603.png,867
00003262.png,199
00001360.png,447
00000315.png,556
00003168.png,817
00004749.png,667
00000831.png,34
00002384.png,650
00002948.png,986
00000100.png,734
00004366.png,95
00004373.png,633
00000738.png,960
00004341.png,869
00002880.png,739
00004211.png,437
00002643.png,620
00004776.png,498
00004699.png,418
00004159.png,771
00000306.png,793
00000880.png,892
00001785.png,704
00000265.png,986
00000430.png,976
00001885.png,405
00004740.png,865
00004542.png,455
00000821.png,769
00002108.png,403
00003816.png,396
00004120.png,487
00000362.png,321
00004621.png,417
00001204.png,855
00001770.png,660
00004739.png,912
00002658.png,780
00000264.png,638
00004201.png,855
00004025.png,985
00000769.png,641
00002156.png,469
00004428.png,612
00001416.png,976
00004295.png,664
00003228.png,779
00002735.png,866
00003209.png,695
00000463.png,851
00001681.png,836
00003581.png,832
00004902.png,612
00002248.png,629
00000252.png,311
00004437.png,59
00000634.png,643
00004515.png,818
00003691.png,584
00001643.png,79
00003050.png,640
00002952.png,133
00003584.png,999
00002999.png,870
00003936.png,27
00003870.png,671
00004300.png,574
00000449.png,437
00003795.png,908
00003300.png,766
00004057.png,480
00000560.png,735
00003160.png,771
00004521.png,354
00000046.png,484
00002661.png,558
00002529.png,100
00004574.png,521
00001652.png,171
00004483.png,913
00002332.png,367
00003802.png,568
00004301.png,583
00002627.png,479
00002843.png,990
00000490.png,133
00001226.png,771
00000394.png,630
00004592.png,647
00004988.png,985
00000014.png,113
00004413.png,976
00002806.png,964
00002631.png,610
00001043.png,822
00004324.png,616
00001778.png,418
00001650.png,498
00004832.png,426
00000895.png,874
00004465.png,319
00000774.png,10
00000044.png,822
00003466.png,613
00001024.png,526
00000739.png,822
00002567.png,479
00001733.png,905
00002165.png,821
00002122.png,487
00001171.png,320
00002296.png,820
00001656.png,208
00001802.png,596
00002167.png,815
00002407.png,884
00004407.png,319
00004242.png,476
00001502.png,125
00000614.png,884
00003974.png,800
00003277.png,351
00004549.png,908
00003475.png,588
00002548.png,913
00002311.png,477
00004540.png,742
00000818.png,991
00000190.png,978
00000094.png,981
00001868.png,587
00003162.png,387
00000707.png,934
00000151.png,806
00003894.png,182
00001289.png,719
00000970.png,545
00002532.png,133
00002321.png,536
00001267.png,900
00000625.png,417
00002743.png,484
00004616.png,313
00004053.png,78
00002530.png,2
00000017.png,709
00002523.png,948
00002340.png,456
00004957.png,788
00002443.png,975
00003651.png,607
00004730.png,905
00000967.png,631
00000324.png,548
00002009.png,672
00001346.png,435
00000737.png,866
00001583.png,556
00003443.png,694
00004701.png,906
00003609.png,348
00003840.png,992
00001272.png,125
00000630.png,615
00002915.png,880
00004196.png,699
00002271.png,924
00003933.png,747
00003271.png,307
00001233.png,142
00000078.png,822
00002993.png,982
00002054.png,888
00000465.png,538
00002221.png,968
00002942.png,912
00004272.png,930
00000411.png,981
00003439.png,746
00003286.png,841
00003690.png,768
00003423.png,949
00001697.png,406
00004047.png,325
00000131.png,770
00003692.png,672
00002265.png,9
00001838.png,23
00002925.png,923
00001449.png,880
00003233.png,318
00003174.png,953
00003310.png,723
00001699.png,771
00001489.png,3
00000723.png,499
00002253.png,780
00004849.png,68
00001592.png,734
00001472.png,751
00000850.png,864
00001481.png,865
00002766.png,540
00004560.png,571
00004482.png,896
00002757.png,718
00004563.png,669
00000766.png,704
00000401.png,518
00003631.png,1000
00003529.png,289
00001139.png,455
00004104.png,763
00004265.png,862
00001940.png,683
00000088.png,718
00000717.png,769
00002229.png,306
00000528.png,735
00001206.png,413
00004843.png,459
00002888.png,563
00004858.png,760
00004156.png,548
00004221.png,526
00003608.png,900
00001477.png,671
00002334.png,676
00002887.png,920
00000493.png,556
00001119.png,437
00002834.png,426
00003494.png,645
00004030.png,125
00004500.png,662
00001333.png,297
00003567.png,574
00003213.png,672
00004233.png,704
00002959.png,423
00002140.png,608
00001575.png,538
00004859.png,825
00004170.png,770
00001906.png,704
00002212.png,760
00002007.png,956
00002246.png,310
00001388.png,801
00000097.png,750
00001141.png,608
00004035.png,749
00001285.png,897
00001514.png,447
00003064.png,776
00000901.png,922
00000623.png,859
00004194.png,583
00002489.png,512
00004983.png,8
00002168.png,498
00001805.png,431
00003236.png,617
00001491.png,895
00001068.png,450
00002716.png,766
00000982.png,418
00002604.png,660
00002024.png,964
00003875.png,905
00001153.png,984
00004137.png,905
00004551.png,747
00000476.png,539
00002794.png,459
00004171.png,766
00002019.png,790
00001088.png,841
00002717.png,386
00001866.png,273
00001881.png,884
00001157.png,752
00004161.png,373
00001876.png,885
00000832.png,58
00003258.png,109
00002062.png,387
00004747.png,498
00000412.png,991
00003808.png,267
00000406.png,40
00002576.png,521
00003650.png,634
00003134.png,126
00002799.png,23
00001148.png,662
00004184.png,822
00003863.png,962
00002543.png,786
00004642.png,103
00003430.png,405
00001974.png,968
00001831.png,42
00000270.png,840
00001857.png,591
00000974.png,361
00002749.png,874
00004445.png,657
00003588.png,801
00003605.png,224
00001692.png,563
00000677.png,650
00004952.png,853
00004033.png,465
00003920.png,460
00000999.png,868
00004941.png,765
00003903.png,399
00000011.png,672
00001619.png,313
00000995.png,982
00000272.png,583
00002357.png,638
00002690.png,980
00000150.png,916
00001544.png,479
00003004.png,92
00002002.png,752
00000900.png,934
00000706.png,61
00001160.png,51
00000555.png,561
00004204.png,796
00004772.png,511
00003824.png,859
00003142.png,532
00002980.png,418
00001584.png,802
00001152.png,307
00000063.png,329
00001562.png,673
00000343.png,913
00002110.png,672
00000472.png,337
00004000.png,752
00003076.png,848
00003368.png,757
00002287.png,655
00004372.png,819
00002360.png,321
00001726.png,695
00002964.png,100
00001917.png,564
00004460.png,638
00003998.png,71
00002147.png,610
00002614.png,719
00001507.png,545
00000019.png,498
00004115.png,453
00003285.png,978
00003384.png,518
00001540.png,458
00001110.png,38
00002976.png,345
00000598.png,550
00000321.png,885
00004260.png,705
00002991.png,763
00002767.png,641
00003774.png,490
00003993.png,741
00003164.png,244
00000621.png,347
00003158.png,108
00001996.png,638
00002922.png,981
00004577.png,840
00003735.png,798
00000537.png,848
00000566.png,920
00004885.png,920
00001410.png,319
00002453.png,683
00000894.png,327
00000521.png,893
00003649.png,550
00002396.png,469
00003245.png,397
00002765.png,655
00001828.png,522
00001902.png,783
00004756.png,484
00004984.png,722
00002204.png,321
00000827.png,859
00000912.png,598
00002926.png,763
00002652.png,431
00003973.png,440
00002374.png,498
00004036.png,889
00003745.png,472
00002056.png,864
00003886.png,833
00001225.png,348
00002383.png,647
00003635.png,524
00000009.png,956
00000310.png,128
00002426.png,947
00003948.png,160
00002162.png,332
00000661.png,95
00001268.png,897
00000245.png,341
00004380.png,762
00002169.png,738
00003152.png,612
00001431.png,612
00000657.png,161
00004638.png,796
00003682.png,738
00004582.png,417
00003495.png,804
00003024.png,119
00000534.png,133
00002351.png,499
00001478.png,497
00004666.png,875
00000431.png,328
00000984.png,874
00003579.png,603
00004632.png,939
00001673.png,489
00003683.png,520
00002437.png,493
00002434.png,91
00001762.png,879
00001973.png,125
00000569.png,479
00002324.png,570
00000789.png,145
00004277.png,21
00002889.png,718
00003177.png,742
00000033.png,443
00003530.png,873
00003330.png,266
00002196.png,416
00003586.png,535
00003477.png,469
00000314.png,404
00003727.png,420
00000196.png,883
00002703.png,905
00001797.png,964
00004728.png,165
00001892.png,571
00003454.png,357
00002768.png,979
00003648.png,367
00001751.png,859
00000685.png,522
00003600.png,936
00001081.png,840
00000429.png,693
00002763.png,410
00003259.png,664
00002636.png,118
00003516.png,737
00004245.png,916
00003630.png,13
00001315.png,707
00002440.png,547
00004130.png,810
00001474.png,600
00002046.png,95
00003370.png,300
00003047.png,128
00004410.png,815
00001121.png,817
00002254.png,558
00002854.png,582
00001042.png,306
00004264.png,900
00001967.png,310
00001982.png,779
00001231.png,847
00002721.png,499
00001923.png,479
00000193.png,673
00004971.png,968
00004653.png,220
00004370.png,661
00004599.png,50
00004354.png,129
00002487.png,945
00003755.png,500
00000005.png,356
00004240.png,147
00000923.png,133
00000854.png,650
00000592.png,888
00004755.png,437
00001257.png,980
00003015.png,15
00000359.png,638
00002283.png,80
00002509.png,294
00001613.png,647
00003483.png,46
00003979.png,703
00003827.png,983
00003577.png,414
00004002.png,441
00002302.png,752
00000228.png,437
00002850.png,319
00001879.png,892
00002549.png,581
00001975.png,455
00001306.png,510
00002245.png,542
00004949.png,598
00003403.png,391
00000839.png,22
00003542.png,894
00001404.png,233
00002072.png,604
00001920.png,821
00004200.png,30
00003059.png,488
00001789.png,989
00003834.png,834
00004905.png,648
00002890.png,480
00001040.png,645
00003391.png,490
00001198.png,411
00001961.png,664
00003486.png,781
00003333.png,646
00003687.png,145
00003348.png,3
00002619.png,345
00002098.png,734
00003361.png,571
00004584.png,37
00004292.png,894
00004629.png,437
00000646.png,348
00000573.png,499
00003882.png,171
00001282.png,862
00004867.png,412
00004187.png,776
00004974.png,349
00000939.png,731
00004554.png,40
00004687.png,676
00002975.png,842
00003839.png,710
00004968.png,518
00002817.png,704
00001599.png,886
00000697.png,361
00002294.png,647
00003039.png,547
00002968.png,545
00000990.png,781
00002017.png,498
00002666.png,336
00004436.png,938
00001852.png,68
00002064.png,662
00002525.png,934
00000353.png,459
00002657.png,254
00001237.png,110
00000705.png,905
00003424.png,655
00003163.png,810
00003153.png,643
00002566.png,151
00002648.png,876
00004620.png,85
00004262.png,751
00001864.png,348
00000512.png,699
00000330.png,860
00004972.png,455
00001278.png,826
00000572.png,327
00002146.png,806
00003953.png,725
00003548.png,959
00002270.png,583
00002557.png,476
00003197.png,699
00000966.png,100
00003977.png,13
00000391.png,761
00003020.png,464
00004286.png,719
00002355.png,881
00002841.png,950
00002903.png,666
00000079.png,655
00000596.png,979
00001910.png,312
00003997.png,706
00003539.png,279
00004232.png,30
00002220.png,459
00002996.png,437
00003068.png,443
00002209.png,418
00001700.png,707
00003431.png,374
00000443.png,566
00002855.png,147
00001156.png,383
00004188.png,110
00004579.png,472
00004146.png,916
00001496.png,567
00001037.png,739
00001659.png,780
00001815.png,118
00000456.png,875
00000139.png,425
00004304.png,431
00002783.png,100
00001755.png,780
00000282.png,402
00001600.png,840
00003173.png,346
00001378.png,319
00003128.png,556
00002234.png,108
00004405.png,413
00003241.png,911
00004180.png,357
00002015.png,709
00001557.png,288
00002881.png,923
00001497.png,519
00002180.png,912
00003782.png,897
00003597.png,928
00002852.png,650
00002932.png,666
00003102.png,918
00004222.png,348
00004628.png,582
00001846.png,459
00002775.png,664
00004355.png,705
00004346.png,650
00002478.png,765
00003912.png,721
00000709.png,709
00000457.png,101
00001849.png,864
00002511.png,514
00003883.png,405
00000287.png,992
00002740.png,526
00001303.png,574
00000735.png,981
00000597.png,975
00001133.png,810
00002078.png,986
00004430.png,744
00003503.png,602
00002157.png,885
00000918.png,564
00000983.png,598
00003759.png,495
00003132.png,786
00002465.png,611
00002135.png,392
00004590.png,566
00004684.png,477
00004816.png,612
00001986.png,8
00002364.png,405
00000924.png,981
00000244.png,141
00000322.png,666
00002403.png,265
00000485.png,442
00004183.png,647
00001142.png,982
00003441.png,16
00004358.png,321
00004704.png,780
00002586.png,994
00000311.png,558
00000636.png,767
00004871.png,79
00002639.png,469
00000448.png,310
00000250.png,629
00001080.png,85
00000236.png,108
00001525.png,666
00001834.png,642
00001210.png,418
00000369.png,481
00001362.png,310
00003793.png,386
00002835.png,875
00000795.png,472
00002053.png,976
00001325.png,451
00001286.png,992
00000565.png,885
00003952.png,575
00001978.png,755
00003561.png,383
00001401.png,50
00000247.png,542
00002679.png,990
00002292.png,312
00003144.png,410
00004236.png,327
00004388.png,720
00001100.png,581
00002606.png,676
00004505.png,315
00002849.png,669
00003065.png,350
00002921.png,975
00002684.png,443
00004672.png,110
00002746.png,434
00003111.png,699
00004764.png,456
00002733.png,981
00002989.png,431
00000559.png,476
00002808.png,657
00003536.png,634
00004607.png,848
00004218.png,459
00003740.png,123
00000486.png,896
00002145.png,336
00003718.png,904
00002258.png,108
00001527.png,408
00004705.png,669
00001048.png,324
00004051.png,647
00004588.png,618
00002161.png,771
00003501.png,614
00002459.png,548
00004074.png,914
00002278.png,405
00000516.png,539
00003899.png,572
00002462.png,708
00004911.png,399
00004456.png,311
00003916.png,430
00001185.png,612
00002021.png,761
00000436.png,91
00004923.png,919
00002670.png,609
00003407.png,199
00000590.png,13
00001860.png,454
00000432.png,704
00002914.png,322
00001447.png,310
00001059.png,706
00004470.png,484
00001057.png,899
00000302.png,686
00001991.png,490
00002455.png,101
00003155.png,900
00000847.png,459
00003512.png,36
00002796.png,964
00001455.png,830
00003833.png,649
00004337.png,51
00000192.png,932
00002012.png,113
00000036.png,905
00000415.png,862
00001016.png,885
00002267.png,932
00002539.png,458
00002036.png,581
00004086.png,896
00002815.png,467
00001827.png,114
00004920.png,479
00001365.png,405
00001128.png,465
00004091.png,498
00001352.png,459
00002683.png,522
00001547.png,612
00000186.png,773
00004530.png,133
00004154.png,607
00001374.png,301
00000951.png,604
00004627.png,736
00000382.png,747
00004822.png,13
00003673.png,942
00001181.png,957
00004454.png,533
00004391.png,599
00002312.png,404
00003828.png,8
00000395.png,706
00001618.png,751
00000220.png,441
00000461.png,548
00000962.png,484
00002724.png,100
00001546.png,841
00003244.png,836
00004049.png,777
00002601.png,980
00003449.png,786
00000093.png,322
00001690.png,865
00001808.png,346
00002288.png,719
00004954.png,660
00003223.png,525
00000279.png,973
00004805.png,347
00002629.png,401
00000435.png,982
00003413.png,151
00000216.png,318
00001276.png,499
00003935.png,931
00000954.png,133
00001078.png,437
00000609.png,704
00003260.png,749
00004433.png,628
00004317.png,85
00003975.png,177
00003807.png,527
00002421.png,490
00003779.png,378
00000873.png,971
00002970.png,518
00001353.png,435
00003363.png,875
00003619.png,324
00001929.png,677
00002795.png,563
00002564.png,920
00003967.png,455
00001663.png,629
00004919.png,435
00001414.png,862
00004327.png,696
00003360.png,871
00004529.png,418
00002087.png,696
00003150.png,723
00001475.png,539
00002093.png,664
00000326.png,570
00003760.png,836
00002857.png,896
00000110.png,836
00002958.png,284
00003043.png,666
00001813.png,909
00003166.png,881
00004943.png,886
00000051.png,320
00003075.png,54
00003118.png,375
00004938.png,529
00001912.png,7
00001359.png,795
00003492.png,339
00002092.png,981
00002373.png,304
00002438.png,960
00003312.png,721
00000313.png,477
00002205.png,542
00004523.png,897
00000281.png,826
00001256.png,536
00001174.png,766
00002618.png,76
00004080.png,421
00004603.png,760
00000381.png,790
00004050.png,83
00004128.png,338
00001492.png,556
00004623.png,688
00004078.png,787
00000547.png,888
00003014.png,967
00000479.png,866
00000517.png,735
00000217.png,596
00000121.png,771
00003507.png,795
00002362.png,966
00001578.png,34
00004836.png,850
00002314.png,766
00000375.png,304
00002468.png,363
00002605.png,760
00004081.png,80
00001574.png,845
00004763.png,758
00000639.png,718
00000502.png,304
00004892.png,326
00003194.png,837
00002848.png,864
00002316.png,386
00001245.png,476
00002000.png,324
00000038.png,581
00003149.png,739
00002900.png,702
00002897.png,909
00004427.png,328
00004494.png,519
00002773.png,625
00002397.png,718
00002423.png,742
00003531.png,885
00001332.png,922
00003219.png,566
00003323.png,933
00003109.png,624
00003766.png,659
00001705.png,749
00002579.png,891
00004225.png,577
00004785.png,133
00003553.png,550
00004503.png,581
00000166.png,829
00000703.png,702
00004055.png,578
00003813.png,585
00002577.png,974
00004310.png,834
00003749.png,866
00000834.png,17
00003100.png,794
00003467.png,451
00002174.png,142
00002233.png,470
00003037.png,467
00002215.png,596
00001607.png,706
00003018.png,660
00003085.png,862
00000942.png,529
00003432.png,712
00001320.png,744
00003947.png,45
00000505.png,855
00003547.png,357
00004708.png,539
00002175.png,909
00001787.png,238
00003636.png,718
00000867.png,281
00000242.png,318
00001452.png,734
00004479.png,669
00003231.png,119
00000860.png,471
00001476.png,546
00003573.png,746
00002124.png,475
00003481.png,821
00004392.png,765
00002782.png,555
00001515.png,885
00001509.png,312
00004108.png,672
00001180.png,641
00001099.png,734
00003510.png,725
00001853.png,653
00000866.png,473
00000946.png,894
00003215.png,711
00002966.png,310
00004787.png,311
00000808.png,964
00001790.png,311
00001666.png,592
00004713.png,523
00000752.png,859
00004247.png,571
00003849.png,698
00004046.png,128
00003776.png,70
00003901.png,768
00004374.png,318
00000206.png,321
00002816.png,991
00000733.png,442
00001085.png,565
00004212.png,126
00001158.png,885
00004485.png,974
00003668.png,546
00002042.png,822
00001191.png,110
00002904.png,581
00003308.png,970
00002656.png,688
00004475.png,918
00001682.png,259
00003198.png,802
00002170.png,321
00003641.png,724
00003890.png,118
00003375.png,766
00002473.png,600
00003122.png,771
00000688.png,901
00000405.png,265
00002264.png,888
00002281.png,697
00001824.png,666
00002039.png,645
00002058.png,706
00004789.png,899
00003655.png,831
00003200.png,622
00003695.png,556
00001837.png,815
00004062.png,662
00001135.png,493
00004114.png,459
00000971.png,972
00004012.png,821
00002676.png,938
00004480.png,437
00001386.png,437
00004743.png,562
00000857.png,147
00003366.png,468
00002550.png,631
00002032.png,960
00001395.png,765
00004677.png,460
00000672.png,609
00002951.png,778
00004294.png,777
00000273.png,924
00000557.png,519
00000268.png,505
00004084.png,865
00001423.png,481
00000608.png,676
00000367.png,24
00001007.png,438
00004899.png,783
00004723.png,580
00000331.png,920
00004906.png,752
00002089.png,74
00002555.png,519
00001222.png,817
00004448.png,631
00001140.png,757
00002484.png,896
00001005.png,441
00003078.png,491
00001008.png,991
00004639.png,4
00001440.png,61
00002225.png,631
00003770.png,194
00000487.png,913
00001646.png,923
00002450.png,771
00003622.png,417
00002347.png,744
00004948.png,657
00003987.png,492
00003405.png,141
00003984.png,98
00004491.png,833
00002971.png,932
00001901.png,782
00004979.png,764
00001155.png,864
00002190.png,932
00001855.png,582
00001034.png,91
00000233.png,567
00004601.png,610
00004395.png,437
00004778.png,747
00000925.png,818
00000972.png,518
00001227.png,735
00002570.png,327
00000117.png,747
00004390.png,630
00002030.png,647
00003159.png,732
00003274.png,706
00000387.png,818
00002425.png,437
00001188.png,840
00002464.png,764
00001004.png,283
00002313.png,556
00001671.png,609
00001102.png,655
00002864.png,473
00000475.png,600
00001230.png,303
00004824.png,114
00002873.png,305
00003533.png,793
00000040.png,889
00001196.png,960
00001847.png,604
00004978.png,418
00000239.png,134
00002561.png,673
00004536.png,780
00001668.png,305
00003349.png,100
00004215.png,986
00000176.png,142
00001433.png,888
00002041.png,311
00004734.png,924
00000169.png,815
00004874.png,989
00003185.png,746
00003127.png,77
00003980.png,751
00001516.png,676
00002326.png,753
00000581.png,891
00004512.png,789
00002382.png,921
00003217.png,749
00004347.png,397
00000161.png,50
00000351.png,397
00003862.png,178
00003532.png,757
00001266.png,88
00003790.png,218
00004362.png,405
00001012.png,889
00004659.png,984
00000731.png,875
00001127.png,670
00000585.png,976
00002304.png,631
00002667.png,308
00003627.png,867
00000473.png,896
00003607.png,612
00001279.png,405
00000160.png,566
00004258.png,680
00001891.png,519
00003784.png,334
00004896.png,312
00003199.png,601
00001273.png,947
00003628.png,535
00000156.png,709
00003797.png,393
00003115.png,807
00003376.png,305
00003535.png,740
00001919.png,887
00002082.png,777
00001223.png,801
00002406.png,971
00001241.png,50
00002280.png,402
00003884.png,450
00004557.png,649
00003910.png,125
00004597.png,840
00004746.png,717
00004325.png,436
00001405.png,40
00004506.png,314
00004605.png,515
00002399.png,518
00000780.png,498
00000655.png,23
00000145.png,604
00001937.png,120
00000178.png,508
00003273.png,578
00000491.png,512
00003157.png,607
00003094.png,541
00004365.png,481
00000755.png,606
00001903.png,9
00001767.png,456
00000922.png,977
00004285.png,467
00001616.png,536
00002541.png,896
00004151.png,324
00004767.png,660
00000656.png,673
00003848.png,547
00002526.png,735
00000564.png,571
00004138.png,608
00000757.png,782
00002365.png,24
00002524.png,769
00002432.png,635
00002330.png,581
00004724.png,317
00003130.png,840
00001660.png,96
00000610.png,14
00004518.png,144
00001680.png,77
00002470.png,337
00004489.png,556
00000114.png,662
00003084.png,538
00000721.png,115
00002940.png,529
00002736.png,960
00002928.png,571
00001298.png,664
00001566.png,728
00004970.png,345
00003027.png,61
00002182.png,285
00001845.png,818
00000179.png,302
00001499.png,730
00004075.png,437
00001737.png,829
00002512.png,996
00000742.png,526
00000159.png,885
00004673.png,650
00004884.png,641
00001421.png,559
00001280.png,51
00004901.png,672
00003604.png,476
00000105.png,844
00002339.png,138
00004573.png,342
00000037.png,852
00003400.png,797
00004241.png,341
00001769.png,484
00001896.png,998
00004887.png,628
00001392.png,769
00004915.png,751
00004234.png,110
00000650.png,876
00001112.png,914
00002624.png,309
00004947.png,808
00000680.png,809
00001118.png,444
00003592.png,874
00001962.png,989
00000052.png,490
00003669.png,192
00001014.png,898
00003422.png,152
00002461.png,851
00000700.png,558
00003819.png,746
00003855.png,535
00004967.png,972
00001409.png,260
00002230.png,620
00004345.png,135
00000644.png,79
00004281.png,80
00001609.png,95
00002973.png,968
00003739.png,97
00001585.png,611
00002076.png,822
00001555.png,550
00001626.png,481
00003777.png,311
00004383.png,437
00003023.png,247
00002386.png,18
00001506.png,375
00003220.png,71
00002150.png,885
00003846.png,422
00004290.png,42
00001875.png,830
00003480.png,699
00000914.png,158
00002424.png,818
00003949.png,551
00001990.png,612
00004986.png,725
00000674.png,536
00001371.png,233
00002011.png,889
00003007.png,710
00003546.png,660
00002159.png,50
00004497.png,885
00004400.png,441
00004076.png,986
00000708.png,780
00002350.png,991
00002752.png,560
00002859.png,455
00001469.png,363
00000930.png,571
00002498.png,472
00001450.png,518
00004230.png,141
00003282.png,542
00000819.png,704
00004384.png,12
00001077.png,914
00001183.png,193
00002760.png,752
00003661.png,596
00000812.png,806
00002662.png,629
00003493.png,447
00001361.png,321
00000119.png,955
00001534.png,976
00004827.png,37
00004961.png,647
00003872.png,796
00003725.png,40
00002262.png,638
00001301.png,771
00001798.png,125
00001972.png,510
00001886.png,341
00000492.png,481
00002116.png,459
00003985.png,271
00004168.png,320
00004152.png,831
00003450.png,409
00004189.png,673
00004973.png,842
00003685.png,649
00003313.png,552
00001826.png,971
00002708.png,880
00004693.png,357
00001368.png,481
00003316.png,638
00001424.png,742
00000483.png,699
00000945.png,672
00000575.png,845
00002892.png,327
00002055.png,301
00002886.png,402
00003354.png,588
00002722.png,702
00000782.png,747
00004007.png,445
00000622.png,618
00000194.png,563
00003525.png,629
00004139.png,982
00004376.png,430
00002562.png,571
00002381.png,870
00004471.png,600
00001274.png,719
00001630.png,668
00001224.png,526
00002985.png,98
00002622.png,880
00004165.png,499
00000846.png,752
00002637.png,718
00004229.png,612
00000006.png,899
00002673.png,607
00003751.png,535
00002474.png,539
00000687.png,326
00001275.png,930
00004419.png,490
00004910.png,158
00000920.png,441
00003930.png,769
00002972.png,297
00002188.png,979
00001911.png,749
00001343.png,105
00000584.png,556
00001207.png,796
00000374.png,717
00001341.png,749
00004837.png,570
00004863.png,273
00000993.png,499
00002671.png,556
00003238.png,774
00001029.png,550
00004731.png,981
00002573.png,845
00004023.png,773
00001993.png,833
00004205.png,546
00002927.png,440
00000155.png,324
00003499.png,2
00002352.png,975
00004141.png,350
00002272.png,947
00003358.png,18
00002463.png,538
00001622.png,792
00003753.png,780
00002404.png,40
00003398.png,407
00003996.png,868
00002611.png,473
00003575.png,566
00004006.png,655
00003148.png,926
00001026.png,547
00001018.png,484
00004275.png,589
00004082.png,565
00002293.png,443
00001130.png,620
00003699.png,220
00001311.png,939
00000952.png,657
00001105.png,850
00003940.png,400
00001339.png,145
00002120.png,465
00002048.png,90
00002756.png,689
00002500.png,304
00000713.png,719
00002986.png,866
00000693.png,821
00000643.png,3
00000336.png,676
00000899.png,981
00000484.png,610
00000008.png,438
00001662.png,984
00001328.png,592
00003869.png,227
00000373.png,826
00000519.png,657
00000062.png,918
00004991.png,356
00000620.png,76
00002779.png,831
00002902.png,911
00000007.png,904
00004641.png,858
00002471.png,909
00003247.png,457
00003611.png,892
00000508.png,545
00000814.png,518
00004793.png,563
00002688.png,848
00002860.png,760
00002322.png,548
00003552.png,315
00002499.png,641
00002635.png,392
00002044.png,484
00004008.png,524
00003962.png,75
00002125.png,826
00000960.png,284
00003825.png,44
00003560.png,816
00002742.png,735
00001632.png,657
00002279.png,826
00000624.png,880
00004276.png,405
00004190.png,669
00004602.png,969
00000761.png,108
00001938.png,218
00000339.png,300
00003616.png,716
00003000.png,529
00001143.png,612
00003991.png,448
00002594.png,979
00003028.png,432
00000496.png,965
00003172.png,998
00004389.png,769
00001396.png,803
00003092.png,362
00001159.png,548
00002833.png,820
00001442.png,566
00004308.png,939
00003521.png,416
00001434.png,612
00002026.png,114
00000045.png,512
00001291.png,735
00001413.png,815
00003334.png,767
00001756.png,647
00000994.png,833
00003747.png,641
00002602.png,244
00002871.png,971
00000165.png,296
00003055.png,19
00000349.png,440
00004320.png,548
00004195.png,417
00000152.png,885
00000254.png,534
00003266.png,73
00002051.png,777
00001295.png,894
00001270.png,354
00002081.png,312
00003767.png,467
00003904.png,583
00001989.png,725
00000177.png,476
00004009.png,889
00001247.png,310
00000675.png,607
00000701.png,854
00001581.png,918
00000511.png,294
00000099.png,348
00003620.png,582
00001722.png,421
00004367.png,484
00002711.png,719
00001727.png,309
00001750.png,498
00004939.png,880
00003382.png,141
00000589.png,739
00003555.png,563
00002792.png,133
00002010.png,673
00000754.png,560
00002709.png,968
00004024.png,38
00001916.png,668
00004520.png,310
00001781.png,747
00004452.png,830
00003803.png,892
00001809.png,437
00003284.png,191
00001103.png,354
00001260.png,981
00004227.png,303
00001195.png,765
00004463.png,611
00001115.png,62
00003696.png,702
00001172.png,924
00004660.png,629
00002193.png,404
00003005.png,680
00001322.png,752
00000921.png,821
00001095.png,515
00004842.png,752
00004803.png,817
00000996.png,442
00001687.png,477
00004107.png,38
00003207.png,767
00001482.png,404
00002177.png,302
00001997.png,610
00004101.png,888
00002609.png,820
00003995.png,469
00000992.png,985
00002148.png,916
00004379.png,870
00004330.png,297
00003049.png,194
00003269.png,805
00001367.png,110
00001653.png,612
00003045.png,164
00002677.png,339
00001184.png,165
00000933.png,477
00001248.png,916
00003473.png,923
00003583.png,428
00002090.png,909
00001294.png,498
00002040.png,547
00004674.png,974
00002458.png,321
00003497.png,548
00004807.png,736
00004791.png,658
00003511.png,239
00003956.png,833
00000744.png,735
00004759.png,779
00004649.png,171
00001517.png,327
00004299.png,844
00003311.png,421
00000455.png,683
00002878.png,760
00000481.png,33
00004710.png,342
00004528.png,670
00001470.png,339
00004499.png,583
00002144.png,303
00003350.png,962
00000550.png,913
00003254.png,486
00004513.png,676
00004441.png,975
00003671.png,292
00003226.png,506
00001129.png,815
00000771.png,950
00000260.png,108
00003537.png,795
00001417.png,826
00000080.png,986
00000317.png,438
00004133.png,361
00003086.png,71
00003705.png,779
00001347.png,913
00003250.png,694
00002772.png,10
00000748.png,434
00003550.png,945
00001936.png,673
00002769.png,950
00003909.png,624
00004484.png,754
00004839.png,950
00000123.png,954
00001924.png,752
00003190.png,113
00003955.png,849
00001067.png,139
00001453.png,604
00001794.png,472
00003544.png,297
00000793.png,721
00004594.png,550
00003088.png,75
00004877.png,476
00001035.png,557
00002560.png,830
00004852.png,582
00001165.png,678
00000727.png,629
00000531.png,100
00000582.png,888
00003926.png,435
00000403.png,602
00004908.png,749
00004662.png,666
00003934.png,827
00002929.png,898
00000365.png,305
00000259.png,734
00001046.png,328
00001694.png,871
00001539.png,780
00000822.png,914
00000935.png,132
00000926.png,735
00000246.png,830
00002649.png,443
00001554.png,747
00000360.png,438
00003211.png,635
00002482.png,610
00000809.png,347
00001466.png,611
00000350.png,650
00002595.png,975
00004779.png,504
00004064.png,105
00004914.png,564
00004332.png,676
00001942.png,647
00001376.png,606
00004635.png,512
00001239.png,327
00002492.png,977
00000691.png,865
00004306.png,947
00003677.png,918
00002344.png,304
00003069.png,773
00000779.png,418
00003426.png,757
00001394.png,599
00004351.png,473
00003853.png,569
00000278.png,481
00003908.png,692
00000189.png,558
00004809.png,629
00004083.png,461
00004112.png,62
00001783.png,719
00003001.png,618
00002851.png,51
00004578.png,455
00003842.png,956
00000420.png,854
00001759.png,833
00000874.png,561
00001926.png,919
00004065.png,484
00004664.png,336
00002836.png,815
00001734.png,981
00004435.png,742
00000195.png,404
00001145.png,306
00003657.png,514
00004394.png,469
00004647.png,498
00002095.png,750
00000798.png,964
00001710.png,941
00001147.png,891
00003469.png,270
00004396.png,548
00004685.png,604
00004771.png,763
00000804.png,532
00004193.png,960
00000113.png,537
00003999.png,501
00000574.png,563
00002237.png,134
00004654.png,688
00000182.png,937
00004251.png,780
00004926.png,692
00004711.png,739
00003854.png,184
00003639.png,737
00000747.png,921
00001703.png,83
00004946.png,722
00002101.png,657
00001788.png,133
00002431.png,471
00003415.png,848
00001064.png,981
00001693.png,493
00000879.png,147
00003230.png,563
00000851.png,669
00002014.png,638
00001777.png,752
00000551.png,581
00000844.png,558
00004769.png,641
00002121.png,947
00002217.png,986
00000209.png,546
00003844.png,603
00001161.png,901
00001597.png,550
00003990.png,511
00003958.png,927
00000092.png,909
00003697.png,133
00000764.png,918
00000140.png,625
00004399.png,637
00003637.png,728
00002111.png,537
00002893.png,874
00003123.png,578
00001177.png,755
00004336.png,85
00001921.png,165
00003338.png,96
00004697.png,704
00002895.png,965
00000618.png,328
00000125.png,39
00002342.png,105
00001459.png,311
00003810.png,689
00001454.png,438
00002944.png,894
00000504.png,662
00001456.png,101
00001661.png,477
00000679.png,339
00003019.png,392
00000134.png,810
00003708.png,615
00000658.png,688
00001215.png,126
00001314.png,536
00003801.png,532
00002877.png,145
00003569.png,743
00002141.png,561
00003013.png,874
00000342.png,894
00004087.png,71
00003612.png,168
00000283.png,648
00003986.png,765
00001422.png,490
00003541.png,590
00000154.png,984
00004766.png,461
00000047.png,964
00003775.png,849
00002419.png,629
00002939.png,683
00002937.png,347
00002672.png,536
00000799.png,120
00002096.png,750
00001084.png,80
00001667.png,336
00001610.png,848
00003242.png,575
00002894.png,323
00004296.png,412
00003773.png,908
00000258.png,977
00004861.png,347
00000238.png,963
00004283.png,992
00002876.png,305
00004591.png,891
00003202.png,954
00002998.png,838
00002950.png,437
00002284.png,742
00001536.png,587
00000012.png,560
00004665.png,308
00003374.png,297
00001187.png,822
00004725.png,512
00000659.png,174
00001463.png,638
00001825.png,13
00001596.png,976
00003551.png,717
00003506.png,866
00002725.png,629
00001243.png,140
00003783.png,741
00003125.png,591
00003012.png,847
00001541.png,160
00000616.png,719
00000843.png,950
00000790.png,377
00001745.png,70
00003396.png,677
00002638.png,437
00002764.png,704
00001013.png,710
00002575.png,342
00003097.png,702
00001752.png,667
00001784.png,87
00003944.png,754
00001090.png,125
00002753.png,606
00003785.png,39
00002216.png,484
00000558.png,288
00002965.png,775
00000883.png,923
00004167.png,441
00004044.png,95
00001263.png,705
00003756.png,894
00000469.png,320
00004163.png,821
00000501.png,641
00001284.png,80
00001647.png,781
00002401.png,983
00002737.png,822
00000612.png,878
00003845.png,921
00000898.png,909
00001426.png,657
00004945.png,710
00003578.png,470
00002655.png,161
00001357.png,128
00000147.png,336
00000414.png,815
00001712.png,719
00003730.png,750
00003927.png,692
00004875.png,147
00002705.png,934
00001944.png,765
00001529.png,539
00001810.png,690
00003703.png,763
00001537.png,982
00001087.png,865
00002346.png,980
00002540.png,254
00004663.png,447
00002073.png,923
00000188.png,822
00001238.png,361
00004864.png,71
00002109.png,38
00000356.png,874
00003006.png,587
00003171.png,590
00001821.png,45
00002100.png,4
00002327.png,418
00001144.png,351
00002827.png,933
00004206.png,472
00002335.png,556
00000722.png,875
00000408.png,971
00002261.png,918
00002858.png,471
00003278.png,34
00004860.png,345
00000956.png,540
00003891.png,161
00001865.png,694
00000035.png,95
00002728.png,716
00003389.png,805
00004404.png,670
00003464.png,510
00002086.png,718
00002207.png,546
00004862.png,694
00000388.png,18
00004566.png,676
00004868.png,699
00002503.png,855
00003660.png,496
00003463.png,440
00001356.png,843
00004043.png,328
00001149.png,916
00002105.png,854
00004403.png,737
00001373.png,661
00002515.png,735
00001634.png,989
00000594.png,707
00003281.png,50
00001428.png,463
00004545.png,362
00001859.png,471
00004122.png,525
00002416.png,973
00003868.png,64
00002495.png,567
00001086.png,977
00004748.png,859
00002323.png,566
00000741.png,834
00000524.png,327
00003032.png,230
00004562.png,920
00002356.png,131
00000398.png,469
00000635.png,991
00001820.png,881
00000386.png,650
00002842.png,558
00004259.png,612
00002553.png,561
00002953.png,859
00002119.png,771
00002088.png,896
00000447.png,480
00004845.png,647
00003082.png,320
00001484.png,969
00000200.png,699
00002241.png,764
00003048.png,941
00001065.png,662
00001658.png,174
00000075.png,923
00003336.png,269
00000226.png,348
00000288.png,898
00002745.png,921
00004668.png,609
00003029.png,655
00001122.png,954
00000494.png,977
00004929.png,477
00000968.png,310
00001173.png,770
00001277.png,708
00004386.png,319
00002452.png,472
00001069.png,736
00000767.png,655
00004371.png,301
00002472.png,664
00004155.png,432
00003665.png,221
00003502.png,759
00004676.png,631
00000853.png,51
00000586.png,982
00001091.png,626
00001904.png,871
00003227.png,418
00002696.png,405
00002847.png,968
00004508.png,669
00003204.png,925
00004271.png,719
00003710.png,996
00004959.png,989
00004646.png,876
00002954.png,540
00004209.png,848
00001412.png,508
00000663.png,558
00000363.png,320
00004661.png,349
00004944.png,988
00003421.png,633
00003455.png,638
00002104.png,968
00001953.png,133
00000149.png,610
00000072.png,964
00002005.png,904
00002080.png,816
00001462.png,851
00003461.png,428
00002617.png,468
00001427.png,109
00002545.png,888
00003025.png,542
00004796.png,141
00002315.png,438
00003416.png,228
00000157.png,384
00004683.png,6
00002328.png,860
00001761.png,752
00004820.png,407
00000699.png,653
00003646.png,864
00004219.png,817
00002375.png,633
00000816.png,114
00002689.png,865
00000526.png,702
00001711.png,641
00001338.png,299
00001120.png,631
00002829.png,34
00002176.png,508
00002306.png,982
00000676.png,34
00004783.png,456
00001987.png,851
00001779.png,498
00001349.png,501
00002329.png,920
00000828.png,114
00004451.png,438
00000127.png,826
00002559.png,527
00002232.png,143
00000751.png,874
00003329.png,857
00003355.png,83
00000948.png,988
00001780.png,658
00002435.png,662
00002592.png,707
00003526.png,8
00002338.png,581
00004830.png,17
00004020.png,460
00003425.png,941
00003664.png,550
00000133.png,98
00002420.png,840
00000234.png,143
00002701.png,702
00003504.png,496
00003031.png,991
00003096.png,300
00003689.png,582
00002832.png,17
00002164.png,490
00000418.png,973
00000071.png,669
00003540.png,19
00002353.png,815
00003113.png,367
00003580.png,203
00000142.png,608
00004707.png,941
00004846.png,63
00003367.png,95
00001563.png,571
00004782.png,650
00003645.png,848
00004825.png,125
00001458.png,481
00001060.png,536
00004539.png,745
00003822.png,112
00002787.png,145
00002063.png,971
00001166.png,821
00004357.png,550
00002612.png,884
00002259.png,972
00003351.png,763
00002941.png,880
00000031.png,680
00001988.png,638
00000185.png,228
00000030.png,550
00003066.png,936
00003035.png,373
00004045.png,324
00002706.png,780
00004656.png,780
00004238.png,50
00003436.png,841
00003287.png,622
00003654.png,833
00001461.png,884
00001385.png,1000
00001406.png,737
00001340.png,345
00003712.png,279
00002456.png,580
00003444.png,937
00003885.png,575
00002596.png,550
00004733.png,612
00004795.png,125
00004340.png,269
00003372.png,301
00003139.png,676
00003420.png,836
00003471.png,484
00003070.png,510
00004994.png,610
00003989.png,378
00004135.png,789
00003234.png,544
00000545.png,832
00000379.png,309
00000290.png,719
00003972.png,678
00000666.png,672
00000002.png,324
00002479.png,33
00001799.png,141
00004989.png,763
00004401.png,233
00002607.png,704
00000061.png,480
00003459.png,538
00004643.png,923
00002534.png,820
00000219.png,986
00003566.png,506
00003091.png,981
00000334.png,367
00001833.png,17
00001628.png,479
00003918.png,5
00002060.png,918
00003941.png,495
00003394.png,485
00002181.png,653
00002978.png,469
00001595.png,647
00002660.png,443
00003026.png,420
00003562.png,668
00004801.png,688
00001441.png,403
00003698.png,185
00001397.png,469
00000603.png,980
00001232.png,542
00001079.png,986
00004812.png,114
00004269.png,948
00004178.png,950
00002687.png,604
00000329.png,702
00002496.png,519
00001094.png,498
00001505.png,47
00004208.png,404
00001369.png,95
00000203.png,312
00004932.png,980
00002862.png,367
00004544.png,612
00000171.png,738
00003011.png,889
00001116.png,796
00003653.png,336
00003067.png,912
00001221.png,893
00002869.png,412
00002870.png,854
00001999.png,706
00004829.png,459
00004164.png,675
00003222.png,909
00004810.png,457
00000083.png,313
00000917.png,880
00004446.png,880
00003141.png,555
00002935.png,673
00002934.png,980
00001002.png,501
00004011.png,898
00002031.png,443
00000368.png,931
00002620.png,618
00003798.png,503
00001486.png,913
00002035.png,852
00004382.png,693
00002931.png,477
00001637.png,118
00004956.png,284
00001310.png,558
00004955.png,570
00000335.png,572
00003175.png,960
00003897.png,108
00003302.png,526
00001840.png,821
00004580.png,556
00004586.png,13
00002949.png,604
00004969.png,954
00002200.png,986
00000102.png,4
00004334.png,484
00000796.png,459
00002911.png,121
00004525.png,143
00001576.png,342
00002307.png,511
00002831.png,459
00003433.png,563
00002957.png,830
00003434.png,848
00002582.png,556
00000904.png,911
00000726.png,100
00003474.png,423
00004109.png,725
00002282.png,310
00000523.png,884
00002112.png,662
00003458.png,646
00000001.png,706
00004425.png,693
00003574.png,76
00000745.png,484
00002142.png,583
00004855.png,896
00001867.png,71
00004472.png,539
00003662.png,287
00003315.png,571
00004034.png,739
00004093.png,750
00004726.png,716
00001483.png,437
00000807.png,647
00000529.png,143
00000949.png,755
00000694.png,390
00002919.png,821
00002519.png,893
00002003.png,356
00002945.png,981
00004819.png,913
00001625.png,320
00001242.png,778
00001269.png,840
00003030.png,588
00003306.png,971
00002770.png,708
00001535.png,612
00000167.png,821
00003843.png,888
00001299.png,637
00003016.png,778
00003257.png,780
00000285.png,80
00002071.png,536
00004951.png,449
00002538.png,763
00004110.png,662
00004813.png,581
00003800.png,814
00003297.png,125
00002134.png,744
00002853.png,540
00002385.png,818
00001589.png,13
00002751.png,696
00003644.png,730
00004169.png,924
00004223.png,72
00003549.png,435
00001605.png,961
00003036.png,777
00001200.png,798
00001869.png,722
00004615.png,751
00003303.png,540
00001608.png,613
00002955.png,880
00003726.png,581
00003624.png,755
00000580.png,519
00001211.png,404
00001104.png,415
00004834.png,815
00002117.png,955
00001336.png,498
00003643.png,694
00003189.png,671
00002447.png,437
00003857.png,486
00001419.png,916
00001743.png,865
00002698.png,558
00002485.png,913
00004891.png,885
00003410.png,716
00003140.png,433
00002868.png,592
00003485.png,590
00002201.png,312
00001873.png,616
00002734.png,742
00000549.png,490
00003214.png,423
00002788.png,949
00000525.png,948
00001446.png,480
00002521.png,884
00002390.png,349
00001657.png,688
00001329.png,805
00000698.png,405
00002103.png,844
00002160.png,669
00004688.png,151
00004328.png,816
00000043.png,311
00000467.png,611
00004063.png,669
00001760.png,110
00000439.png,493
00002387.png,887
00003812.png,696
00004709.png,719
00000507.png,848
00000509.png,318
00003876.png,706
00000823.png,719
00000506.png,40
00002531.png,418
00004617.png,121
00001415.png,468
00003457.png,34
00004490.png,50
00003105.png,106
00004150.png,984
00002033.png,95
00000378.png,320
00000210.png,848
00003960.png,1
00001351.png,954
00004173.png,476
00003428.png,146
00000020.png,469
00004962.png,24
00003598.png,852
00003780.png,387
00003136.png,856
00001642.png,34
00004360.png,924
00004129.png,394
00002240.png,318
00001665.png,445
00002475.png,422
00001744.png,699
00001672.png,556
00000383.png,870
00000409.png,884
00002882.png,662
00003748.png,880
00000256.png,558
00003858.png,805
00003051.png,702
00001757.png,493
00003340.png,879
00000631.png,401
00002325.png,539
00000902.png,702
00002391.png,561
00001252.png,473
00002820.png,914
00003625.png,650
00000419.png,734
00004786.png,989
00004493.png,567
00000605.png,867
00001994.png,612
00002840.png,739
00001151.png,885
00004799.png,596
00000718.png,422
00004105.png,769
00000421.png,629
00003359.png,563
00003781.png,854
00002486.png,854
00004680.png,565
00003387.png,285
00002982.png,874
00001511.png,669
00001683.png,565
00003462.png,835
00002213.png,512
00000460.png,321
00002480.png,518
00003195.png,700
00003836.png,846
00002675.png,650
00000057.png,301
00001811.png,88
00004267.png,352
00003496.png,290
00001627.png,490
00002874.png,548
00003252.png,106
00003713.png,797
00003757.png,889
00003117.png,506
00004626.png,698
00002069.png,669
00004593.png,976
00001313.png,834
00003356.png,762
00002695.png,361
00003873.png,748
00004823.png,971
00002981.png,598
00003251.png,431
00001027.png,364
00003296.png,867
00001717.png,744
00004418.png,571
00004611.png,100
00001958.png,570
00004123.png,600
00000653.png,171
00003083.png,618
00000989.png,708
00004744.png,797
00001089.png,896
00000201.png,709
00001253.png,534
00002393.png,706
00002319.png,885
00002700.png,327
00000400.png,830
00000055.png,647
00001571.png,328
00003090.png,411
00004695.png,796
00002047.png,324
00001795.png,509
00002370.png,240
00002713.png,991
00002446.png,310
00003946.png,308
00001718.png,387
00000497.png,567
00001812.png,629
00001011.png,797
00002211.png,848
00001735.png,407
00001915.png,322
00003235.png,367
00001882.png,923
00001212.png,848
00004069.png,536
00000025.png,719
00002366.png,931
00002454.png,875
00004261.png,986
00004029.png,874
00002912.png,158
00000632.png,657
00000542.png,254
00004976.png,469
00004696.png,710
00001420.png,629
00004145.png,662
00002822.png,407
00002665.png,550
00003831.png,17
00004368.png,240
00000089.png,697
00002901.png,923
00003988.png,918
00003932.png,948
00002856.png,591
00003112.png,351
00001572.png,499
00003937.png,292
00004458.png,886
00003679.png,541
00001146.png,334
00002542.png,778
00001959.png,284
00000522.png,144
00000084.png,777
00003440.png,853
00003264.png,194
00004177.png,641
00003971.png,556
00004963.png,775
00003681.png,596
00000135.png,499
00000787.png,456
00002149.png,806
00002793.png,472
00000712.png,539
00001908.png,928
00004102.png,850
00001922.png,435
00002301.png,477
00000427.png,437
00000570.png,676
00001383.png,762
00004315.png,889
00003820.png,673
00002650.png,854
00000223.png,968
00002811.png,629
00002308.png,947
00003817.png,898
00001848.png,647
00004754.png,494
00001071.png,330
00000438.png,426
00001283.png,71
00000875.png,79
00002710.png,539
00002226.png,437
00003686.png,517
00003253.png,433
00004760.png,550
00001841.png,884
00003964.png,692
00002070.png,964
00003789.png,983
00000452.png,771
00002785.png,456
00002812.png,518
00003314.png,762
00004634.png,118
00000208.png,793
00000552.png,631
00000944.png,912
00001698.png,646
00000468.png,638
00004039.png,117
00000034.png,960
00000637.png,392
00002018.png,469
00001804.png,885
00003792.png,818
00003224.png,683
00002131.png,98
00001844.png,330
00002651.png,230
00002826.png,114
00000568.png,151
00002191.png,673
00003288.png,407
00001792.png,899
00002600.png,975
00004935.png,387
00003874.png,784
00003900.png,928
00001543.png,855
00003905.png,754
00003435.png,722
00004175.png,302
00001510.png,289
00004883.png,341
00000289.png,655
00002663.png,349
00002107.png,806
00001370.png,484
00004412.png,122
00000759.png,718
00004848.png,319
00003187.png,361
00001234.png,542
00002802.png,532
00000308.png,982
00001526.png,522
00004022.png,807
00000527.png,934
00001384.png,526
00003811.png,937
00003146.png,972
00002372.png,717
00002173.png,490
00001615.png,822
00004936.png,305
00000928.png,763
00001786.png,456
00001457.png,533
00001309.png,979
00001053.png,81
00003898.png,201
00003734.png,926
00004930.png,666
00004016.png,752
00002702.png,82
00004519.png,884
00003879.png,605
00001582.png,472
00000986.png,574
00004960.png,128
00002987.png,708
00002068.png,534
00001969.png,122
00003041.png,52
00003344.png,864
00004907.png,316
00003913.png,130
00000477.png,422
00000830.png,891
00002377.png,309
00001217.png,581
00002369.png,650
00004438.png,547
00004565.png,712
00001551.png,503
00001707.png,780
00000081.png,85
00001612.png,473
00003771.png,885
00003929.png,485
00001169.png,498
00003058.png,937
00000312.png,951
00004618.png,342
00002235.png,473
00000987.png,98
00003320.png,536
00004958.png,664
00002152.png,984
00002493.png,477
00000702.png,327
00003787.png,625
00001493.png,50
00001494.png,833
00004797.png,84
00002172.png,920
00003880.png,485
00002920.png,977
00002744.png,635
00003804.png,807
00003860.png,108
00004054.png,864
00003293.png,896
00004278.png,515
00004293.png,527
00000345.png,522
00000048.png,95
00002597.png,566
00000510.png,316
00004408.png,947
00002061.png,329
00003571.png,990
00002528.png,822
00002371.png,826
00003888.png,467
00004844.png,604
00000927.png,923
00004056.png,706
00002977.png,686
00002556.png,288
00004879.png,923
00001391.png,342
00004501.png,479
00003722.png,627
00003818.png,804
00000881.png,476
00004280.png,311
00003225.png,792
00002097.png,348
00001925.png,865
00002875.png,885
00004564.png,361
00004323.png,498
00002102.png,354
00001954.png,449
00000212.png,404
00003750.png,730
00000842.png,739
00003022.png,997
00002405.png,808
00003476.png,926
00000471.png,720
00004572.png,355
00000237.png,473
00004313.png,438
00000291.png,520
00000132.png,975
00000319.png,889
00002761.png,428
00000803.png,596
00002066.png,10
00000654.png,431
00002778.png,498
00002909.png,313
00002801.png,596
00004847.png,406
00002441.png,566
00002641.png,3
00003838.png,827
00002228.png,490
00000652.png,854
00004019.png,712
00000736.png,742
00004469.png,647
00001432.png,432
00002106.png,580
00003145.png,108
00003206.png,186
00001182.png,820
00003221.png,554
00004781.png,83
00000777.png,664
00001715.png,742
00003978.png,666
00000892.png,480
00002359.png,923
00004917.png,821
00003617.png,647
00004652.png,1000
00000595.png,431
00004800.png,532
00001072.png,536
00002343.png,522
00004982.png,574
00003240.png,769
00000073.png,536
00002625.png,422
00003907.png,769
00002568.png,676
00001835.png,426
00000957.png,458
00002118.png,512
00000122.png,465
00003099.png,833
00001054.png,647
00001375.png,819
00002273.png,921
00003081.png,691
00004784.png,238
00000907.png,976
00001771.png,529
00000638.png,118
00001955.png,853
00003723.png,113
00003381.png,89
00003275.png,473
00004583.png,960
00001800.png,84
00004692.png,846
00000168.png,439
00001655.png,52
00004890.png,327
00004099.png,655
00002990.png,985
00002413.png,862
00000222.png,459
00001186.png,980
00003923.png,735
00002067.png,976
00002185.png,971
00004131.png,499
00002569.png,792
00000760.png,833
00003614.png,869
00003033.png,82
00000588.png,964
00002680.png,472
00001631.png,582
00001856.png,147
00003720.png,523
00001348.png,744
00000262.png,52
00001639.png,512
00004032.png,557
00000344.png,105
00004207.png,418
00004116.png,437
00004752.png,780
00000358.png,131
00004487.png,437
00004881.png,540
00004113.png,796
00003249.png,11
00001254.png,780
00002224.png,348
00002476.png,699
00003640.png,391
00003942.png,655
00001503.png,587
00000746.png,635
00004377.png,466
00003101.png,232
00003778.png,768
00004066.png,912
00002686.png,901
00001287.png,610
00004136.png,455
00003706.png,298
00003248.png,447
00001532.png,418
00001524.png,354
00000535.png,979
00004132.png,895
00001495.png,701
00004631.png,114
00004900.png,70
00004059.png,974
00003724.png,466
00004924.png,801
00002823.png,671
00003954.png,676
00002236.png,963
00004148.png,885
00004439.png,566
00001467.png,584
00003276.png,612
00002729.png,875
00004870.png,616
00000633.png,610
00002361.png,320
00004443.png,898
00000482.png,518
00004841.png,330
00001843.png,645
00003419.png,633
00000810.png,657
00001518.png,818
00002427.png,693
00001688.png,604
00004344.png,974
00002824.png,14
00003769.png,743
00001900.png,722
00002718.png,471
00002774.png,511
00003267.png,922
00004021.png,526
00001889.png,662
00001051.png,581
00000897.png,545
00002358.png,438
00000500.png,472
00000098.png,750
00002748.png,717
00000937.png,673
00003046.png,722
00001772.png,641
00000332.png,581
00000499.png,780
00002784.png,913
00004851.png,713
00004550.png,558
00003965.png,65
00001044.png,437
00003331.png,335
00000515.png,743
00004312.png,707
00004510.png,990
00002130.png,975
00003704.png,258
00001208.png,546
00003379.png,847
00002640.png,404
00000671.png,874
00002155.png,384
00000115.png,455
00004546.png,449
00003446.png,979
00000689.png,604
00002192.png,563
00004753.png,563
00003732.png,473
00002422.png,481
00001216.png,647
00001623.png,836
00000583.png,848
00003154.png,99
00004516.png,898
00001738.png,822
00001530.png,98
00002907.png,934
00003095.png,758
00004429.png,432
00002337.png,300
00003517.png,253
00000118.png,459
00003080.png,732
00004126.png,815
00004246.png,815
00001134.png,499
00002128.png,815
00002590.png,888
00001851.png,319
00001019.png,752
00003167.png,610
00002075.png,580
00001648.png,487
00000286.png,742
00001823.png,699
00000248.png,310
00003299.png,962
00003738.png,579
00000376.png,683
00004369.png,466
00002305.png,583
00002491.png,556
00004381.png,889
00002114.png,468
00000711.png,968
00000205.png,855
00002693.png,672
00001485.png,896
00000640.png,437
00002219.png,519
00002077.png,655
00004977.png,308
00002588.png,13
00003345.png,894
00003263.png,730
00004826.png,891
00002388.png,309
00004625.png,479
00003615.png,846
00002331.png,458
00000720.png,471
00004090.png,981
00004288.png,735
00002309.png,558
00003040.png,214
00001746.png,792
00002967.png,142
00002800.png,512
00002632.png,723
00004440.png,457
00002395.png,519
00002960.png,484
00001123.png,487
00003621.png,30
00002247.png,916
00001281.png,515
00001939.png,110
00003572.png,456
00003073.png,587
00001425.png,437
00002762.png,918
00002838.png,962
00001114.png,455
00001649.png,675
00001606.png,760
00000861.png,455
00002444.png,668
00004387.png,845
00000792.png,11
00003411.png,833
00003383.png,526
00002153.png,324
00000410.png,260
00001363.png,924
00003943.png,134
00002681.png,389
00004828.png,42
00000049.png,324
00003716.png,100
00000647.png,918
00002786.png,325
00004186.png,979
00001293.png,42
00003179.png,427
00003959.png,915
00003902.png,374
00001061.png,693
00004966.png,122
00004015.png,484
00003116.png,241
00002691.png,821
00002023.png,719
00000587.png,964
00000000.png,868
00004121.png,291
00004192.png,472
00001675.png,974
00001806.png,817
00004329.png,922
00000665.png,349
00000172.png,321
00000068.png,10
00003386.png,676
00000520.png,898
00000197.png,960
00003768.png,918
00004524.png,408
00002844.png,752
00004048.png,581
00004153.png,383
00004071.png,923
00002436.png,426
00002439.png,58
00003460.png,647
00004473.png,546
00003056.png,403
00000576.png,896
00003674.png,543
00003180.png,508
00000716.png,985
00004385.png,801
00003295.png,538
00001945.png,841
00000871.png,412
00003192.png,873
00001006.png,544
00002194.png,883
00000355.png,815
00002398.png,830
00004537.png,458
00004203.png,836
00004527.png,100
00000130.png,815
00000696.png,438
00004176.png,898
00001407.png,550
00000554.png,518
00000863.png,449
00002428.png,979
00001943.png,841
00001579.png,747
00001927.png,801
00001979.png,469
00000762.png,752
00003290.png,385
00003079.png,552
00000085.png,58
00003676.png,379
00001074.png,923
00004273.png,658
00001709.png,880
00002151.png,305
00001335.png,570
00003362.png,656
00003062.png,850
00002819.png,769
00003701.png,82
00000662.png,443
00001883.png,662
00004895.png,974
00001113.png,662
00002045.png,964
00000309.png,511
00001201.png,286
00001878.png,147
00002143.png,604
00004918.png,977
00004921.png,818
00002238.png,323
00001674.png,607
00004197.png,798
00002809.png,709
00000425.png,742
00004735.png,822
00000929.png,440
00002274.png,946
00002276.png,481
00003791.png,86
00000495.png,477
00000458.png,580
00000626.png,309
00001888.png,920
00001773.png,10
00001520.png,410
00000218.png,484
00000266.png,888
00004254.png,980
00000788.png,325
00004950.png,133
00000615.png,138
00003595.png,610
00000763.png,428
00001976.png,842
00003491.png,656
00001302.png,415
00001871.png,699
00002905.png,976
00000026.png,964
00001749.png,717
00004217.png,519
00001689.png,587
00003482.png,325
00000120.png,512
00003638.png,834
00000303.png,888
00001984.png,472
00003321.png,548
00000794.png,133
00000770.png,979
00002547.png,490
00001695.png,846
00002536.png,806
00001550.png,581
00004166.png,498
00004415.png,813
00004570.png,563
00001076.png,472
00001839.png,70
00000870.png,722
00004268.png,510
00004442.png,876
00001047.png,95
00002668.png,830
00000797.png,563
00001000.png,706
00002818.png,866
00003371.png,514
00004817.png,881
00000462.png,118
00002507.png,309
00003392.png,867
00001163.png,290
00004798.png,480
00002414.png,52
00002179.png,641
00002049.png,320
00004467.png,339
00000251.png,760
00000474.png,664
00004338.png,749
00000868.png,71
00004535.png,108
00002659.png,95
00001721.png,780
00004774.png,657
00003765.png,478
00000859.png,896
00004411.png,862
00001970.png,972
00004808.png,88
00001817.png,680
00003038.png,942
00001045.png,501
00003983.png,962
00000059.png,746
00001741.png,976
00004085.png,789
00004432.png,91
00003618.png,214
00003478.png,341
00003063.png,739
00003087.png,840
00001651.png,751
00000964.png,145
00000108.png,580
00004502.png,47
00000377.png,633
00001740.png,599
00000296.png,647
00000979.png,686
00002250.png,311
00004420.png,481
00001714.png,939
00003602.png,476
00003151.png,611
00004903.png,979
00003694.png,797
00001097.png,905
00000765.png,410
00002354.png,874
00002961.png,950
00001179.png,898
00000066.png,662
00001941.png,529
00003647.png,72
00002867.png,867
00003232.png,607
00001877.png,989
00000668.png,336
00000514.png,996
00003417.png,795
00000074.png,604
00002865.png,281
00004003.png,315
00004856.png,471
00003663.png,315
00000444.png,972
00004869.png,971
00003181.png,693
00000445.png,975
00000257.png,480
00004651.png,23
00001300.png,620
00002916.png,564
00003170.png,607
00004348.png,974
00003585.png,660
00000016.png,638
00004761.png,774
00001229.png,706
00000224.png,498
00003731.png,653
00000856.png,582
00000225.png,577
00003318.png,843
00003623.png,363
00000692.png,980
00001980.png,308
00003121.png,584
00004777.png,658
00000896.png,323
00003596.png,430
00001439.png,938
00004865.png,662
00004815.png,766
00004504.png,465
00002899.png,922
00001528.png,141
00003764.png,405
00002814.png,114
00004309.png,170
00000153.png,305
00003178.png,293
00004068.png,117
00003098.png,51
00001764.png,827
00000728.png,320
00004814.png,680
00000980.png,469
00000214.png,760
00003089.png,529
00002565.png,669
00000611.png,820
00000785.png,100
00002286.png,898
00002830.png,58
00004252.png,457
00000725.png,901
00003667.png,679
00002052.png,98
00003265.png,589
00003852.png,487
00002457.png,708
00004993.png,550
00003188.png,617
00001893.png,327
00002845.png,459
00000337.png,556
00001949.png,722
00004975.png,686
00001742.png,912
00004732.png,407
00002938.png,937
00002731.png,442
00001981.png,418
00001031.png,948
00000459.png,708
00004089.png,326
00004450.png,604
00000669.png,308
00002956.png,929
00001197.png,583
00000544.png,778
00004127.png,612
00003505.png,3
00001754.png,550
00000413.png,663
00003208.png,722
00004037.png,645
00001244.png,341
00004488.png,895
00002310.png,951
00000601.png,422
00000180.png,476
00001897.png,909
00002872.png,561
00000800.png,143
00004558.png,830
00003814.png,511
00001604.png,596
00004185.png,840
00000129.png,973
00001205.png,320
00000300.png,407
00002138.png,625
00002178.png,476
00004889.png,571
00004040.png,822
00000364.png,924
00000802.png,512
00000307.png,583
00000753.png,696
00000940.png,937
00000164.png,290
00004703.png,119
00004715.png,350
00004026.png,550
00004305.png,409
00000783.png,928
00002376.png,321
00002933.png,134
00004414.png,826
00001887.png,641
00002923.png,818
00004559.png,673
00004538.png,160
00003928.png,27
00000714.png,720
00002202.png,325
00002008.png,706
00003878.png,46
00004882.png,405
00001500.png,641
00002508.png,316
00003104.png,890
00002644.png,348
00004933.png,539
00004111.png,455
00001202.png,48
00004322.png,451
00003629.png,657
00000768.png,540
00004018.png,885
00002239.png,386
00002198.png,699
00004070.png,604
00002249.png,760
00004729.png,442
00001593.png,566
00001930.png,892
00002345.png,693
00004980.png,874
00001106.png,800
00003715.png,805
00003601.png,123
00002115.png,747
00003881.png,791
00000390.png,309
00000848.png,604
00000426.png,818
00001932.png,477
00003915.png,601
00004904.png,621
00003395.png,765
00004866.png,722
00001418.png,896
00003518.png,733
00003829.png,897
00002517.png,657
00003788.png,774
00000562.png,706
00001603.png,243
00000341.png,138
00000297.png,527
00003343.png,990
00003402.png,265
00002291.png,318
00000399.png,718
00003216.png,986
00000641.png,437
00000104.png,354
00004213.png,647
00000963.png,950
00000806.png,431
00001290.png,861
00000686.png,518
00004575.png,110
00003191.png,510
00002494.png,965
00004909.png,335
00003201.png,210
00002127.png,973
00000207.png,542
00004658.png,477
00002807.png,347
00002589.png,830
00000249.png,916
00002208.png,821
00003161.png,15
00002707.png,709
00002189.png,888
00002771.png,788
00000380.png,430
00003487.png,761
00000235.png,470
00001319.png,709
00002043.png,512
00004689.png,563
00003183.png,62
00001178.png,585
00001132.png,146
00004333.png,499
00001814.png,911
00001829.png,616
00001861.png,760
00000213.png,848
00000824.png,407
00002621.png,859
00004612.png,822
00004927.png,892
00001870.png,412
00004931.png,99
00001720.png,330
00001471.png,85
00001964.png,35
00001963.png,128
00002804.png,431
00000561.png,527
00001058.png,493
00001009.png,655
00002257.png,734
00000305.png,866
00002963.png,980
00002754.png,780
00000417.png,976
00002231.png,561
00000606.png,660
00003488.png,878
00001307.png,431
00004604.png,706
00001390.png,800
00004316.png,709
00004224.png,657
00003599.png,620
00002558.png,735
00001304.png,583
00003659.png,915
00002415.png,976
00000538.png,806
00003261.png,999
00001292.png,884
00002781.png,928
00004421.png,742
00000998.png,437
00001560.png,496
00001739.png,894
00004220.png,561
00001716.png,982
00001451.png,631
00000991.png,431
00003472.png,114
00002433.png,982
00004712.png,986
00004585.png,429
00001344.png,869
00001933.png,666
00002195.png,960
00002289.png,520
00001957.png,62
00001219.png,441
00002552.png,518
00000540.png,763
00000673.png,556
00002572.png,563
00002400.png,51
00001992.png,499
00001107.png,763
00001522.png,884
00004356.png,795
00001985.png,574
00000776.png,511
00000158.png,469
00004655.png,216
00001400.png,744
00004096.png,734
00004202.png,320
00003369.png,335
00003743.png,728
00000352.png,991
00004010.png,710
00001235.png,108
00001931.png,806
00004757.png,110
00001542.png,658
00002001.png,826
00001594.png,891
00001706.png,934
00003680.png,963
00004913.png,668
00002974.png,583
00002654.png,673
00004721.png,901
00003893.png,128
00002348.png,973
00000269.png,932
00000536.png,820
00000175.png,490
00002467.png,320
00001704.png,906
00000977.png,842
00004468.png,85
00004706.png,880
00000064.png,387
00002727.png,818
00004804.png,869
00000613.png,473
00004119.png,954
00004770.png,10
00001564.png,885
00003515.png,250
00003292.png,765
00003656.png,630
00002084.png,477
00001213.png,760
00002821.png,719
00004100.png,354
00000370.png,95
00001052.png,777
00003077.png,457
00003733.png,740
00002896.png,909
00000530.png,822
00002303.png,866
00000442.png,547
00001638.png,512
00003922.png,210
00000230.png,490
00001863.png,287
00000938.png,974
00003678.png,18
00001983.png,664
00003513.png,455
00001684.png,887
00003071.png,51
00000837.png,875
00002091.png,322
00000301.png,739
00003114.png,106
00000029.png,985
00003353.png,705
00001995.png,712
00001098.png,922
00001531.png,670
00003448.png,517
00004775.png,833
00003895.png,34
00002502.png,662
00001445.png,888
00000173.png,924
00000567.png,669
00000184.png,285
00000021.png,790
00001523.png,990
00000835.png,820
00001108.png,769
00004650.png,612
00002318.png,826
00002133.png,763
00004965.png,136
00000600.png,615
00001056.png,301
00004342.png,303
00004690.png,364
00003414.png,95
00004669.png,852
00003861.png,461
00003582.png,822
00002527.png,143
00002389.png,761
00002913.png,653
00002136.png,526
00000361.png,923
00004282.png,795
00003931.png,379
00001366.png,869
00001884.png,972
00000855.png,540
00002256.png,977
00002255.png,480
00001676.png,653
00000013.png,889
00001947.png,944
00000304.png,752
00001587.png,37
00004359.png,310
00003761.png,417
00001038.png,749
00000599.png,566
00004038.png,547
00004072.png,863
00002520.png,144
00002243.png,341
00002615.png,536
00004727.png,875
00004027.png,680
00000255.png,780
00000010.png,706
00004548.png,503
00003409.png,497
00004608.png,841
00000773.png,788
00001898.png,971
00003742.png,712
00003670.png,522
00002251.png,473
00001708.png,669
00000975.png,968
00003009.png,754
00003837.png,95
00004350.png,897
00000563.png,673
00004287.png,510
00002085.png,977
00000032.png,647
00001137.png,484
00004854.png,591
00000451.png,541
00001438.png,520
00004637.png,437
00000318.png,386
00002580.png,778
00001950.png,808
00000498.png,519
00002936.png,974
00001028.png,816
00000941.png,683
00003352.png,672
00000730.png,716
00000276.png,946
00003325.png,681
00001255.png,425
00003412.png,52
00002630.png,657
00001066.png,669
00004610.png,647
00003805.png,714
00003632.png,802
00001342.png,426
00000292.png,408
00003322.png,492
00004737.png,916
00001372.png,466
00004237.png,85
00002336.png,484
00003365.png,26
00004880.png,662
00000090.png,896
00004722.png,24
00000450.png,878
00001101.png,395
00004571.png,845
00002674.png,34
00000028.png,114
00004888.png,437
00002551.png,882
00002669.png,874
00003042.png,708
00003970.png,14
00004716.png,471
00003746.png,829
00001036.png,465
00001331.png,816
00001096.png,457
00002581.png,848
00003268.png,41
00004255.png,734
00003289.png,883
00002113.png,400
00001062.png,974
00000648.png,781
00000978.png,345
00004893.png,893
00000872.png,854
00000470.png,363
00002969.png,972
00004088.png,626
00000054.png,98
00001389.png,319
00001504.png,479
00004595.png,535
00001899.png,317
00004431.png,411
00002797.png,120
00000532.png,2
00003939.png,528
00000503.png,583
00001765.png,520
00000187.png,971
00003921.png,685
00001644.png,858
00004191.png,834
00002646.png,781
00004702.png,66
00003702.png,675
00000775.png,625
00002587.png,325
00001316.png,438
00000162.png,669
00001590.png,758
00002803.png,407
00004622.png,320
00003867.png,866
00001246.png,402
00004378.png,747
00002533.png,979
00004614.png,113
00001894.png,885
00003390.png,872
00001763.png,550
00002490.png,481
00004005.png,991
00004143.png,332
00001850.png,403
00002132.png,810
00003545.png,795
00003301.png,563
00004279.png,775
00003721.png,901
00002430.png,704
00000076.png,819
00003110.png,547
00004393.png,771
00000913.png,121
00000320.png,826
00004873.png,885
00001728.png,512
00003326.png,194
00001935.png,980
00003522.png,948
00004928.png,830
00002613.png,138
00004953.png,368
00001723.png,702
00002410.png,991
00003135.png,116
00001909.png,752
00000347.png,693
00002297.png,699
00002884.png,405
00004821.png,671
00003823.png,211
00003239.png,152
00000464.png,708
00003108.png,79
00003758.png,135
00001586.png,939
00001131.png,914
00003451.png,741
00003729.png,820
00003856.png,785
00001508.png,315
00001747.png,797
00000887.png,341
00000682.png,472
00003613.png,945
00003256.png,409
00001318.png,889
00001907.png,621
00002210.png,404
00000433.png,471
00000137.png,392
00002780.png,747
00004041.png,582
00001288.png,416
00003728.png,622
00003568.png,778
00002984.png,574
00003489.png,915
00002910.png,598
00001393.png,419
00004934.png,120
00004678.png,836
00000392.png,349
00001633.png,643
00001568.png,712
00001822.png,717
00001296.png,527
00003603.png,588
00003060.png,123
00002647.png,547
00001473.png,699
00002197.png,668
00003524.png,35
00003052.png,275
00004533.png,848
00002483.png,442
00003799.png,892
00001830.png,37
00004459.png,851
00000936.png,980
00004581.png,98
00004555.png,476
00000681.png,990
00003594.png,117
00002139.png,884
00004636.png,512
00001691.png,186
00003008.png,575
00002378.png,430
00003397.png,902
00004244.png,317
00000423.png,490
00002158.png,566
00002584.png,982
00000328.png,616
00001558.png,476
00003341.png,407
00002183.png,228
00004249.png,473
00001381.png,747
00002828.png,891
00001966.png,631
00004606.png,95
00003438.png,250
00003017.png,765
00001880.png,838
00003672.png,835
00004058.png,479
00000198.png,416
00003147.png,533
00003717.png,599
00003465.png,175
00002943.png,672
00004522.png,445
00004214.png,717
00000915.png,653
00003709.png,4
00001748.png,794
00004478.png,518
00002599.png,422
00000543.png,896
00000604.png,244
00004768.png,529
00001070.png,833
00003570.png,291
00001109.png,836
00000670.png,875
00003950.png,435
00001640.png,437
00003002.png,189
00003737.png,977
00001519.png,898
00004633.png,974
00001111.png,672
00000911.png,313
00000069.png,976
00000141.png,884
00004552.png,435
00003498.png,605
00003057.png,558
00004981.png,472
00000018.png,631
00002203.png,855
00002578.png,519
00003309.png,798
00001670.png,498
00003528.png,513
00003851.png,912
00002099.png,973
00001791.png,12
00001345.png,303
00000969.png,142
00003107.png,115
00004762.png,809
00002522.png,327
00004422.png,437
00002591.png,595
00002883.png,918
00002544.png,625
00001402.png,637
00001968.png,136
00001093.png,183
00000143.png,561
00002417.png,734
00000815.png,934
00004307.png,558
00003072.png,858
00002451.png,913
00001194.png,409
00002079.png,85
00001164.png,298
00004940.png,632
00001193.png,669
00004162.png,311
00000128.png,582
00004117.png,771
00000393.png,561
00004106.png,836
00003054.png,72
00001561.png,706
00004239.png,513
00003307.png,952
00003763.png,905
00003658.png,505
00000950.png,986
00000112.png,672
00000876.png,548
00002050.png,490
00000478.png,699
00003871.png,853
00001696.png,357
00000955.png,859
00003346.png,210
00003456.png,410
00004092.png,515
00002712.png,720
00000298.png,820
00002946.png,988
00004298.png,788
00003255.png,1000
00000890.png,563
00004857.png,496
00004318.png,867
00004992.png,442
00000106.png,968
00001768.png,836
00001377.png,318
00003963.png,457
00003124.png,29
00000571.png,792
00004691.png,871
00003156.png,436
00003591.png,548
00003479.png,737
00004270.png,947
00004531.png,976
00002633.png,991
00004850.png,978
00002004.png,899
00002137.png,831
00003131.png,118
00001259.png,37
00001807.png,965
00003509.png,669
00004987.png,612
00000825.png,671
00002685.png,326
00000778.png,752
00002094.png,515
00004303.png,830
00001488.png,974
00001819.png,612
00001905.png,612
00002839.png,566
00004589.png,864
00004257.png,981
00001874.png,79
00002863.png,348
00000546.png,625
00004718.png,875
00001948.png,710
00000348.png,980
00000724.png,702
00001176.png,476
00002571.png,499
00001774.png,763
00002218.png,441
00003966.png,168
00004031.png,91
00000466.png,764
00001354.png,473
00000144.png,583
00001686.png,453
00001598.png,535
00003418.png,582
00001251.png,311
00003270.png,716
00003339.png,185
00000619.png,62
00000124.png,487
00001020.png,790
00000024.png,653
00001408.png,726
00002798.png,143
00001951.png,657
00000908.png,663
00000649.png,547
00001382.png,870
00000204.png,325
00001580.png,840
00000817.png,706
00001641.png,406
00000058.png,864
00001209.png,347
00003470.png,415
00004897.png,722
00003589.png,701
00001645.png,347
00000163.png,771
00003744.png,565
00000183.png,653
00001355.png,874
00001621.png,342
00001913.png,158
00000366.png,405
00003714.png,752
00000934.png,666
00000277.png,499
00003328.png,759
00004314.png,387
00003520.png,720
00000577.png,342
00003841.png,599
00001323.png,548
00004160.png,290
00001614.png,100
00004052.png,440
00004942.png,198
00003652.png,369
00000211.png,418
00000086.png,477
00000354.png,975
00001480.png,33
00000241.png,386
00000734.png,307
00000424.png,481
00002554.png,550
00000678.png,938
00001803.png,532
00003593.png,347
00003968.png,658
00000905.png,666
00002409.png,981
00000820.png,866
00004179.png,820
00002535.png,848
00002394.png,407
00003514.png,510
00001487.png,859
00000838.png,815
00001055.png,888
00003279.png,757
