d6887e8d19a06139.png,45
59204d6bb0c234eb.png,703
1ebff1b3c8de66de.png,810
e89d48768917f563.png,308
60566d5680497389.png,544
dde33b51c8c152d2.png,969
23f39187c0d00e30.png,658
7b6a9bf5b175e3b2.png,599
5cd8864b6e35df82.png,898
08fbf75e60a6efb7.png,666
8400742ba78ac009.png,671
7fd7ce3eb2bf9944.png,113
7d2a7bca22967f29.png,600
90e9a43bfb6a68b7.png,476
b1bf532ce2c4c3a1.png,557
8090736c8299ab28.png,894
f6437ed4f1b8fe23.png,843
5b3a8c63e41802e7.png,758
8764eecf6e898c7f.png,711
16179baa1513c701.png,505
3302a8c24caf20f4.png,548
3eded0a8d5f16059.png,457
8724748782cb6c31.png,647
e8c6f75ad26bae84.png,929
348ac56def3ccd35.png,533
11954d93a7051cb5.png,503
cec46dbd1fa3473a.png,246
795f5aef9bef8134.png,29
9311a098cfb4b946.png,192
67a08d685abf7fb6.png,710
c819099fed6f0d73.png,777
d7de327bbf412965.png,660
7069a117c92d27a4.png,186
4063377442ea93d3.png,814
c66310d8b709d6d5.png,106
a8dd9ba15f7b817b.png,740
207fd3b5def218d1.png,279
4d0c0f35a0c00bdc.png,432
76a5715019fe11c7.png,768
f54616f2af588fd8.png,113
f9f36f7774d73820.png,723
024f73e53c3c1f1d.png,638
8e89734ed940e222.png,794
589319c64adf5fce.png,588
23f9d18d531eb148.png,851
55e85d7b58024966.png,615
47b087263b33728b.png,152
1dc0533f87996962.png,853
70d812d368e3e828.png,202
5224fec9ba33b50d.png,532
7b6cc934fda859fa.png,653
79f953be91aa8ce2.png,588
0af0a5dfee6b84ff.png,808
4fcc9c949d66a4e0.png,104
bc9a5e01c02e759e.png,18
014f0024918a7b6f.png,885
d77af00930283f4b.png,649
be5543dc68f0b970.png,636
b19e2df06dbcccd9.png,816
29279d12ed3e29ff.png,328
e96d52f9fbe3ca0b.png,435
79fa9855119ffeea.png,506
89119361e9d9e02d.png,473
1bb5f1337dfb1edd.png,293
89d60f53d478c4f7.png,435
bb748281da5e8681.png,694
3cf4bb0637d0f182.png,52
39a483e9a23716ed.png,646
d7d5b34ea0a0ffcf.png,970
5b85f98e0105d135.png,933
8c975de17f3247d1.png,526
ab42aa5e9745c214.png,591
67dd47336dc89421.png,949
2f7d5ff922af55c4.png,633
24312de5c34473c0.png,820
8d68931ba23fdeb7.png,800
9594ef7e0fc79ea8.png,115
128fca690a11f68c.png,785
446b24f903b488fc.png,839
42e9b41ce96dbf0a.png,647
afa0f88aaab03427.png,3
e957c417fcd20c5b.png,791
513b3032ed1f388c.png,542
1f71668ab3dbe81b.png,967
d158837db31ed892.png,804
200285e90078210b.png,741
e6e677a28e3bd6d7.png,160
0bd5123017590e39.png,430
9db1070b1b9f03d2.png,870
6cae4a23623d142b.png,440
95d6a4087f394d8b.png,541
c27e3bde18fba21b.png,128
4cccb215bd60b3c3.png,341
721804d1d3a60206.png,34
cd40b0e46c9da574.png,739
217597258ac12258.png,805
28652355cd12a1e7.png,63
6bb6cf032c1286c5.png,367
a777db736ecdfb65.png,56
95185508805329aa.png,721
ed56c7616a8ac010.png,568
319e8b63d6a194aa.png,529
3a7d9bd310202e93.png,660
b9310b9080c06e4f.png,269
5efeca6c4c233f01.png,464
891fe6baf8896b77.png,535
330b9cb3cd80c88b.png,431
e99ceff3e420ef95.png,768
686ea4ec999364ff.png,554
ebb4dad78cfd67a9.png,730
93394c1f9c4c0053.png,883
631b6820e91a9e3e.png,303
c135337ca7a575ae.png,178
92c3f5e99d8ac862.png,362
8805b0b20d808c49.png,927
3617bfc5d06bc196.png,554
a52570066ecc61fd.png,583
78059d1afd7b9fea.png,248
37e7dc99bf2704c7.png,610
335e604bbe3eec78.png,687
a92e49d8bbdc2aae.png,564
ce05236afebb173d.png,510
7b8413ef241118df.png,485
60ed157b21d49c4c.png,960
e37b556e8889d2ec.png,618
a33af1b9f8b8a81b.png,667
263c7bcd59502625.png,651
4053a6a3d0e63c01.png,460
fd26c4733822dfcc.png,451
8868879c2acd5d9e.png,130
7a11ae4c1f5e790c.png,500
629138193e021cdf.png,739
c98a8640dcfaa5e0.png,847
b648e8dfcb4fbc99.png,572
9876fe92d003c9d4.png,357
fae551840c1690fa.png,424
5d6b9cadb6f9e1cd.png,746
7f842d0c1e747334.png,796
0212aa8aa912ee45.png,416
7506caf0a49c3951.png,724
fccfc3563cd562e1.png,656
21b0803c965f76ef.png,977
5528f7330399485f.png,212
e8c99e0220ab46d2.png,535
ed3f9b6a081a4802.png,210
8da3593258ae27cb.png,399
13810fcac72f12ba.png,72
f6d5c95ce7908a58.png,872
a70b1cda0776cba6.png,119
daa43d65c3b18a84.png,54
30e132285c2e960f.png,427
a92ab9e5fb9c5d64.png,457
1c924877ccc60129.png,567
4abadb721e74b99b.png,781
b5548ecffa20aac8.png,108
eb53098ebcf05e64.png,601
659ca4ac6cc57e89.png,590
c3e9a84e039df3ce.png,765
3e8bf1eee7083f6e.png,683
d016b3204e7ca96e.png,778
2a1a60df9a58bb7c.png,19
0d6463e9a7ef6185.png,786
4dc360d125c9238c.png,840
af3736cca01a2d28.png,766
71d368782c72e313.png,487
0e9bdc3ab80b1a71.png,335
ea65c0ff71e7ceb3.png,737
f4bde5facfdca0c6.png,194
53211f8a1b131de6.png,578
01dd15caa1b2c7b4.png,551
5adb3d985cf217a9.png,875
619a9d0eb2acdd82.png,843
c43077b2283479be.png,765
943274babd06a662.png,678
87a2147620d5e1cb.png,290
5a0e21d54b9c4954.png,146
1e33aa336b89dcff.png,588
1e408a8d1e2cdc74.png,779
c777da68bec01dcd.png,584
a8fca010774a1187.png,810
84a5f6ee2af29208.png,513
1f7c25207bc3e303.png,979
4e1bdcb677f21fb4.png,779
0aebe24fc257286e.png,315
1e26772fc8c493bb.png,14
7529b42e71769777.png,618
49c27b439d39a00c.png,418
5d77597361d06d2b.png,92
ed9b2813b9245e52.png,676
5bdb8268eadf57d8.png,968
4b0c9bf2584b35d3.png,79
e22a1c8dab22f256.png,11
1be47d60e0156bbb.png,912
8df3dc0c3fef1824.png,843
89f48bcf97aa6600.png,70
668bc83a884d24f9.png,391
90e11aa7c36c64f2.png,1
d051e0bd46125123.png,776
99f175132cd1c6e2.png,459
7f045354f4577c16.png,970
ef0e34b8ccb6d42f.png,712
e5948d6294eb8ca3.png,676
c6b5f6c1d79dffc6.png,652
d6d42f8a1f6b4460.png,374
d46216d31908163e.png,785
0d65cb9d26de4d37.png,336
fb1efda0b27d5289.png,203
19935b1c0a4d305d.png,642
4de063bd5b838f11.png,289
7453471febf1db6f.png,90
a00c8d22e63497c4.png,892
81a7637c67f4f777.png,836
8e3324c208eb9a3b.png,741
4a1a488e8a975f7c.png,833
cbaff3255afbe83f.png,853
324278ff7f22b4eb.png,303
c3f452167c39302f.png,922
ebdfdcba5dc3b72a.png,600
9aba31a4b2404aa5.png,495
52d8515abbfaa8ac.png,634
411c5d79017077f4.png,677
6ecbd7d19f5b9147.png,423
df874264566c58a9.png,152
6740e1e89b5bbab4.png,685
938ada2f2bfa2b68.png,918
a920691cf2d50f79.png,952
3e9496f7652e1968.png,834
d47c9aabecda0e12.png,199
828ade8df2d14c45.png,988
fecd59b8de8ae6f7.png,793
72f96c6dc5df2de8.png,784
493694833dc23399.png,835
93a0857ff81c25ce.png,959
0be391239ccba0f2.png,996
76db169867bf2e9d.png,908
ccbcaf10176e78e0.png,858
b722c809657aecee.png,640
55512a6c2a45e2e8.png,387
1a7425e8f990e04a.png,676
68274b8293271807.png,579
ad43e858c614db4d.png,71
2ba52bcf59097dc8.png,850
7d833ac8ab852bd2.png,151
8d90c523b27410a7.png,563
348618ddbde3a39c.png,460
01fa4be27dd11b5d.png,829
a64ae1acd9d09a87.png,83
44982b98ba192bb7.png,411
6896a8b78f404dc8.png,75
0546b47c13f154d3.png,318
be95f5be87f6fadd.png,603
0c7ac4a8c9dfa802.png,779
af543b5f19ed1b1d.png,391
a7f9b28e30d19d85.png,699
d741b583a123562b.png,792
8b47d72b39b2bd33.png,97
0d29832e5da60f5f.png,181
30b922dbfdbffd11.png,972
d959fd91192d5717.png,596
77c72d0a01e1af70.png,836
90e1aa56cae80a60.png,417
76886996d4ab4614.png,763
9a49001b63903f72.png,804
f7dd570a0cfe1dcc.png,55
91d18b353d5b3be2.png,26
c609f86fa706bb9e.png,889
6b27728f0f816dc6.png,874
16bbe588e0ecc6ab.png,168
72ac2a5af79e26d5.png,862
4bdb561770b52424.png,184
692016122b9e07a6.png,123
2153d9869fb5a9ef.png,942
bba5c56cc3eb07c9.png,594
e3c3f8889ac99aec.png,897
393d40f3a6a79400.png,846
602f2c3749d6021e.png,106
0f36316247c03427.png,681
fccab516c111d524.png,757
da63f2acf683c0a7.png,617
315e55af9615abd2.png,106
a90d9627e2145090.png,722
acd99e9b7128395a.png,753
346c5575b60194c3.png,625
2bc6c55a0ab24f86.png,697
82179b1d313e0e23.png,902
4f553b721705d008.png,3
f4902a569fa12171.png,992
f52db15134c1a74e.png,776
1cc2caf8e5db27c3.png,607
4fc263d35a3ad3ee.png,123
f7947af6545be760.png,722
821aae58dc96b4b2.png,575
38c6124f40b8d845.png,19
f348adf7ea1967f7.png,415
b0e0e06e647b478f.png,915
fae45093bad0961a.png,528
ec346009f286ffca.png,783
8c609b06a60af060.png,291
422d08407aeed1be.png,44
c5f5e09f4f5fd41a.png,421
1f4227ce24232867.png,942
919a6f1d23c6d05e.png,983
dc12a25cc85ee9cf.png,896
5c8bcfa0dbb246ab.png,581
839aa3d166b020cf.png,211
baeb1300832574aa.png,660
e5cf220f8144c192.png,441
5c847b72d1e1713f.png,522
448a738f6dcba07e.png,416
81804435ad51df95.png,241
43694caa12d5f823.png,757
71080285ad6cb4e9.png,478
1ba816dc6937b62d.png,768
fe92a88132b5d67b.png,247
5cf72b48fdf5e419.png,744
e648427e38e80ff8.png,617
a28beac14b9037da.png,351
b0619a61cf135f5e.png,420
3dc0e8f854bdc9b3.png,921
a97274c7e80a1764.png,926
72d85232abd98067.png,599
8f07c92f0af97807.png,108
200735f93ea764f2.png,285
2c54b60a2851b8ed.png,577
6898f889c17f8e16.png,730
d3a88c50958b1b5f.png,1000
22a313cc9fc2b4f1.png,940
54666421b4a6998f.png,759
5fc906f27c8975d2.png,367
8a82ddd7ab76efbb.png,908
d94940216544b2c5.png,622
70db5a1689f89129.png,472
c8231978dc765004.png,741
a414ccf5c51454e0.png,866
979757e16b67ac7e.png,798
65b8c8b065069802.png,379
f963957ccfa82f6b.png,8
592c7424f13b2d29.png,517
83d35591dfff99ac.png,857
4edeacef9fb8ec90.png,997
d9f624188d16fe93.png,602
7e0fb7f80ffa514b.png,405
4d1237ccbd9a5b4b.png,423
fbc6b98b13c768e2.png,566
eb8ce5ba5c47e344.png,893
6d2d82bc1ba0a956.png,664
6609c25b3314b5b3.png,878
d6d192c5786f29f5.png,830
7c5ea6f89e6e2733.png,587
7c754696067fdfa9.png,469
85e2eea48d912d31.png,136
362e4ac62cf888f4.png,36
64ed3f0e8a2dc320.png,410
001b5e6f1b89fd3b.png,909
62c7958e7cd80cca.png,757
ecd3a969dd466349.png,693
9fbeb797de1e1639.png,511
04cb9de291399d15.png,451
33197fa6ae88508a.png,30
8859efd46fab37ff.png,599
fff35cdcce3cde43.png,409
588bd41c9aa5a81b.png,154
e8d5809ee6888f8f.png,641
61131df39f19a4a0.png,867
143c74a57326fd40.png,423
69788a29e7436808.png,50
5a8d5bc9bf40e832.png,634
6cc289dc7a8fce86.png,1000
25eef91443ded954.png,728
c0e0c11350b8740e.png,698
3efa3df701898afd.png,1000
582663fe666aac9c.png,928
1b546695167d3f6e.png,837
5792d4a42d2a82c8.png,419
bb6fcb4a52b4fc0f.png,510
8c8bc30a62a1ee23.png,2
4fff343244f212cc.png,403
db6c6671a6924eba.png,412
0ed355357757528d.png,795
90f5385a77a49f77.png,905
093402dc35f59027.png,113
6d6078c60e59e9f4.png,797
8800cff23fade16a.png,314
313ff0037b86260a.png,610
2d95297e468bdf9b.png,526
dd984311bff04342.png,524
da4f4d6944d93ae0.png,779
749ed3502293d019.png,578
9429f0d1ad2283df.png,464
5d8085ae68e07d72.png,643
eab9755117160864.png,510
da7e65bc80814f37.png,603
d12aad0d18252b40.png,39
f63d58b5af16091f.png,420
e3a740861f12f49e.png,900
becf3b004177ded6.png,457
2e854fca826e54b3.png,596
1a680f33500acb4b.png,73
e9811aebe8bed6e5.png,410
22a9c318b6e36853.png,211
40f79488e3c2d6c4.png,749
66aa56675136bbab.png,607
c96c3eab644075d3.png,300
17df043d369008f5.png,802
df2cd1b82d5dec14.png,414
858ec91996beb034.png,962
beb3e55c385feb12.png,881
0134ba03294509a1.png,355
398720b8f19d5b84.png,700
6afe58efa85756dc.png,849
0f9d8c86a9f38020.png,118
77ac8bf95825dfcc.png,728
84af93c72781b7f0.png,782
4ca02fd28a5e9703.png,239
74b13710bcf4f7f3.png,918
10db986bad48a9d5.png,134
60ab0fb53634bc3c.png,552
791c3d333052ca64.png,908
90dfd75887f3e67b.png,45
7060ae82e5b96a77.png,495
d7c8008bf74f2324.png,672
218e02b6cfa0466e.png,217
2ee4c1b2b9bcc6c8.png,785
e66d732354c6baf0.png,72
c4824f023903731a.png,817
59e9bdbb7a3fc4ba.png,407
3b67bec3793efcb4.png,746
bd3617fcc985fe31.png,61
3bfe9ff7b488485d.png,710
611f453c4bb616b9.png,65
2b7e6f0d6f73fa1f.png,235
789417c091011f53.png,177
d0fe8afb55c3c7cd.png,778
911aebf30626ce02.png,731
1685d066f8070081.png,361
634d7f18d098cccb.png,766
8094d4088a08cf09.png,615
515c6586db87bbd8.png,218
8c6edf1ddfb61102.png,123
8c5b5bc0f39e2e06.png,253
225e06c2dfa68a62.png,945
1394faa319bd353c.png,507
4f5464b7d4682441.png,607
869adfbad4e38261.png,866
67a52d9155241752.png,420
53c478ffc8ddb967.png,613
c25da85d5d62b000.png,219
e1c702ed9842dd1c.png,757
a482985ca1e77960.png,470
e5f15610a22098bb.png,575
65251969959ce0e6.png,837
6612fd36e6dd9534.png,866
b6c6a5b7829fbc9b.png,506
5b974695c09ad165.png,393
1d4133f5bc7af193.png,911
1cfa5381359bff9f.png,852
4227a6e105cc0588.png,141
1d5361e858fe8462.png,523
d204464fcf15ad99.png,269
1461ed9402248ddc.png,725
5dd8e133e66ecd3a.png,346
3ece3c1f94e4141a.png,15
648231d9393250fd.png,650
0b1d45bd9ab1064e.png,563
a84ead15406596ce.png,937
d34c51d7523e9c0f.png,655
d8b0101e2459882a.png,88
e7b61bec5e4ca40e.png,674
820ae900a943d605.png,701
2c065d2dc6b2cf44.png,463
444109f3ccfacc7b.png,221
542c07e8bf8e283c.png,706
e19a59ad09d18497.png,915
dd722682a9f2b9dd.png,458
81ddbe14219e9dcf.png,672
cc8d850717026796.png,791
137ab6ca314e9e35.png,556
8d86fae18afef4e0.png,79
d67b326ef48bb7b7.png,546
c7d0c73d636300f5.png,801
707bce947d54bcd8.png,941
9b4cab2ffb0c0754.png,963
49b1adfeb8ffcabd.png,671
c036b20afde859b7.png,508
4a0bac33f8e81e60.png,857
d7ffed8f21024a14.png,922
6711e27733cfd050.png,733
d25df1a8259d3fdf.png,833
000b7d55b6184b08.png,963
bc7dff0960bb3335.png,765
04c1bde5affb7b5b.png,680
01bdc0cfe670f708.png,541
ac668c13ccfd4b79.png,751
184a160b32ff4c72.png,717
f0add7f552d2d895.png,543
55a2e48a87c16998.png,768
f5b0ed0fbb3b5f74.png,645
fa2a7d600b62174e.png,572
c9ddfb1043177de8.png,117
1484479b7630af0a.png,904
d7c1d1632cf0acc7.png,873
9a1c67f467b9beea.png,90
b86d604067f50613.png,998
4c8a4414419ab0bb.png,848
cc13c2bc5cdd1f44.png,741
d2cc2eabfc7bf54a.png,721
7a85f42383ec2f81.png,802
2ed718f6db9785f8.png,843
b8596bba57a73794.png,41
ed3573d0c197fbaf.png,190
f533740a8d4618ce.png,563
3e1e47f5af2a3f16.png,357
556d8b457b94c285.png,378
cb63df64516985c1.png,772
02dbe78a73db2808.png,255
1a94dc47fdd84a95.png,830
cd2d2889ef7ac51c.png,607
82b6f0bc71f5d0af.png,578
1733cbc68a2ae05d.png,892
fe193683db61ac2d.png,1
7a51c260ca0e83e7.png,748
d4579363596fbf21.png,889
0411ca972e637297.png,697
e95ef0aeeab7b496.png,860
69a39406cb1d2ce5.png,46
bb03be3702584eeb.png,624
b3c384a2d1a391c0.png,456
19b5bea9a7608a92.png,435
2842a69bf5b14526.png,757
3c970c84b598f2d9.png,597
ab3fef142d031784.png,737
e6f2de0c605f1ed3.png,994
5c4eec952ca114a1.png,525
2fc17ec1fad5d947.png,929
abd121ef53a69ef8.png,335
b74c05ecff5f99d8.png,568
a8631b077e74f7aa.png,486
38bdd950c1d08be6.png,891
6af829a442e2e0e7.png,231
957529a2abaa0581.png,648
e758de2cbb3d10a0.png,905
715335d5ddfca1f2.png,915
ecaf98c8ce9f04c3.png,697
ca50e3535eb6396c.png,929
87fcc5f70673d3d2.png,159
a5949b0719d3ea77.png,473
2abcab3d77d4767e.png,520
5c2d823a4d30e3d5.png,894
1a264165276e3c85.png,759
92c73d668e2cd3ce.png,582
5021e7da00bf43b2.png,937
8f5eda0b6a910b43.png,918
15d27dbdc9eeda7f.png,765
c9302f3b2b0452e4.png,892
12fb008451be82d4.png,555
7e4c41563370bed1.png,945
150249123e81930d.png,485
0e71473957df4793.png,348
b239b5b3e1642f3b.png,746
11c53fe6feb856c6.png,766
9f55ac35ce9703e5.png,194
24726d9054e9d78f.png,455
6374e7e35ad90f50.png,771
f0dcd519b5499d48.png,231
03f90f7138f761e8.png,490
c47ca11294a9aefe.png,119
064e1cc405062c85.png,135
7d2e9b03ec1b630b.png,535
62e0e0efc6deeef4.png,772
54ff02d9dfbf8540.png,370
05f7c084329ff0c6.png,910
7ca714cdcd5d36d9.png,106
3f8bf287f20333eb.png,713
fe94909a2fad4ffe.png,965
2c9398f44d099e0f.png,482
aa07ba1587ec047e.png,900
5b60477a29c7ef81.png,700
f24817d66024dfb6.png,740
7c249a944594a62e.png,620
3692f6967c632fee.png,569
6efed50f84ec5e01.png,602
1cbae41091a750dc.png,814
4f9f0b75f5b04524.png,897
8af30e5c3fa48a08.png,71
82e2334925339ef8.png,769
c6166621198a3de4.png,747
38deb4830d12358f.png,936
c3cf76709c87255b.png,224
8d17aa69b4fd7b45.png,590
23955512cd0e1191.png,742
fc583c08026e3d74.png,588
a7151de51c2f1d0b.png,214
b11fa0f292c0178f.png,901
5d53f9bc389e98ad.png,468
e7cafac174e90143.png,116
daa6404780b1af27.png,999
a8fe76c687b00e33.png,119
5a6439b10c1f6761.png,871
55599050147071cc.png,962
7524a7ef9de8edc3.png,307
0db0952967f6faa6.png,552
96fcb76927274db6.png,316
4e34df87968bd882.png,379
05cac1419419ce29.png,550
fe2edb6cad72d2d2.png,488
cbcb7444cc827812.png,786
490df9e021386d29.png,351
9fe19d5c6dab83a3.png,805
8bb7d10e97694eb5.png,393
7a291389e67a8a07.png,637
34a39905ce228160.png,752
87937b805302f958.png,873
96e77c20bf94ecb1.png,518
fe1314dd6f75551d.png,565
01244097ca8ffdfa.png,563
3df888fc3b1df464.png,383
5292f5b36a0789fa.png,795
126175abfdcb1a21.png,486
61ed2594a0524631.png,996
1e77361718213a43.png,435
e4941a341ace171a.png,298
05437214d1ba9580.png,118
7700d0ba053dc4bd.png,292
7368fe0ff47343a0.png,447
3228a465697fb2cf.png,922
a3c4dd88edacb575.png,351
080bec22a6b1d37d.png,818
ae78688b32986638.png,879
823f8eae0df2d5c1.png,570
84640859ee739095.png,580
796e23f8dbf9a7a2.png,835
0e0299d6352a3fb8.png,4
be1c43056c5d0085.png,436
d3551db0b83c8fc0.png,324
d6eac6858474111c.png,250
35c344ca0584ba14.png,831
2d23b1dab7e3e9c0.png,971
79a5625805a08253.png,805
b3ba6f0352a29b2d.png,563
fdedd06cdf58084e.png,428
2b741c5c635a7295.png,634
890fdaf4e1892e00.png,692
0ceee9a38409e30c.png,712
b2a7e558f1a3ff16.png,536
7e73c7adc520e406.png,86
55b85f4336d9603a.png,30
afb0233b2e0545c4.png,959
0dffbfa7ba43cb90.png,95
74b2e35cda75fe27.png,466
d23fd2119c4f5dec.png,123
6314b953a2f66e36.png,774
ed3cb7f5154ae02d.png,747
6a940d1bf69f1d10.png,433
d1709eec353a6f93.png,556
3d75d9676ad6361c.png,517
fa5484e61e455eb2.png,769
aa4e1cf9cb6e7801.png,840
0e0f1fd2ed183781.png,988
8f97e3fface13e4d.png,548
4cd90a6459ce9571.png,622
30b62313af2b5d74.png,795
de282cea97167923.png,656
c663670c06c06ea4.png,903
510e5062fef4a993.png,293
c179282bd977c6e0.png,105
6e840c209f5733d5.png,750
10bc8784a5eb8843.png,210
4aeb33c9e565a201.png,840
ef5b1e5a76ae66dc.png,725
73728c249317ccb9.png,145
a187afb98f295057.png,755
eee6f4bcc8468f77.png,714
74bfc95412b2f824.png,655
63f2e14ab6be82cf.png,694
97025d82ec9860dc.png,574
d97c1f3f1c211d1a.png,467
9d5ef11ec55123e5.png,513
18d5f99fe237a306.png,77
328d99215b19c8c7.png,926
1f3f949ccbc81c93.png,666
8b7a5446dae48ac1.png,363
d5d5f843f100328c.png,538
70a2529a6b2c0d46.png,550
e071bf346787d971.png,990
526f322d78bd5b44.png,288
dad40e355e4e8e96.png,848
4572c8986c28343b.png,535
00c3cd597f1ee96f.png,96
ac2a8a4777dbe746.png,46
74355a8c878b6814.png,622
ab8329c28d8538c3.png,13
5f3ea3c6b683fb57.png,62
1c2e9fe8b0b2fdf2.png,905
871c99d5658c3189.png,587
060dfe239abfd547.png,396
f6515f31b750a573.png,723
a033832d9ff8913b.png,357
803450d936b35ebb.png,258
565c67fd230f18cc.png,854
a3c651cf20ee2d34.png,561
6841e385fe79177f.png,833
be9a3bea2989a0b4.png,677
5dbfff56258cf9e6.png,385
d740663eeccdcecd.png,762
7d7a8e41b8d0577e.png,182
9ee13ecd8d6727c0.png,554
65c1808390bd18c5.png,587
232c22314e21f764.png,904
f1a6fdadaa132225.png,18
9a5913e0fb6d0866.png,204
ad333e5d6953cbbf.png,297
3d6e530955c60759.png,892
5d6c4759c26bae8c.png,746
56dbd7d814ef5c58.png,277
dde9f0aadcb02874.png,640
92dbb18dd447fd75.png,194
8020698d79dc39f2.png,954
a8c3363bbcc7015c.png,840
c5c9d17672ff88ce.png,266
efeabdd8a05e91f8.png,311
564de663adeb8cd5.png,133
5ab3f1edd2f0cb06.png,116
ac295a63ac9d2cd7.png,864
1dfbeffd999f280e.png,569
eae13c52554a7783.png,848
9d4674c86096e4bd.png,614
088560551b91ceb0.png,797
228fec6cab5f560d.png,931
d1a723656dc08b5e.png,814
134bfd93a04b88b2.png,962
21fef4d9b3dce49a.png,460
1df5e1adad21d618.png,556
69a3493d13953e1f.png,407
4b384c8247b56c0a.png,925
4146a745f9b2f3cb.png,418
d2d6ae6e0b8a0c31.png,601
e570258f1bef4ade.png,461
068c5d66662a837a.png,773
39f82c728c956125.png,762
58420b727fcab02b.png,168
6ac94c9244f84aa3.png,336
af2ac1705dc19a5f.png,99
73a52afd2f818ed5.png,696
43fa89c17e628c06.png,885
06a0e36c443746b5.png,232
c96358fe7b8eaf28.png,492
4b52fd42977215b9.png,627
2efe4916e679e875.png,926
7f3c20f487834846.png,883
7d253f78ef6f029a.png,92
de40907c1e2c5515.png,486
a193f7ae7d550a82.png,631
c84cbc2c05227bee.png,979
97917829607b6189.png,660
604b54a3b7424d9b.png,430
b1e69e9c3d740f4c.png,833
12cf4de43c70273e.png,833
f08f34c258228251.png,608
059da9a174262427.png,630
7e5c847bafc4d50c.png,529
0e83f990a04ed67d.png,52
c6e0d2ab3bbf4a3e.png,838
3201d10ec4dca056.png,605
67967c9db11151e0.png,820
ba4b978112a20be1.png,16
506b87b78daa499c.png,244
8a02b6196885c394.png,447
02eb799d147d5f91.png,773
2e9b377877f64b3d.png,706
6bea02f26beef50d.png,267
6de6432b0f23ae75.png,407
80177288cda51d95.png,605
afe045d68f1a60d0.png,956
38287d2e5a4a9a57.png,798
b0bb1ea9bcc45800.png,456
8f9c1e4fd9f4cb2e.png,498
46a489dcff5471a4.png,590
a92babc0a6436d3b.png,655
696f0f6bea562bf8.png,267
9d55997552acf0de.png,199
58f0fd17c4a0e25a.png,100
45da32a1cf073a4f.png,897
5ff168f7d006f69c.png,106
229fbe790098d2e5.png,576
517dc655edeaf344.png,920
fc94d8ed9eca8c51.png,584
b97f4b95ae696316.png,399
c135b139d293f7f2.png,491
1478a0fc99a988db.png,928
d7984e6e1a51b3c4.png,937
446f75fdea0e1da0.png,201
22712d0324d43ef2.png,847
cfab8f880da31ad8.png,308
b76e552d4b3ec0c3.png,191
c42c88890b5fc86d.png,112
9c509bfb75167fb0.png,748
40a7f086461190f3.png,841
b02b553998809e17.png,847
9226b783cfb770bd.png,34
fa3aae44c2675e88.png,375
7b6e963025eaeb66.png,660
5ceb9f2e8405b0de.png,64
7d4186ce0332245d.png,936
25f85aadcf248cc1.png,890
d0c6c29954f0380b.png,96
b89dbfcc49dcf156.png,467
55323ce1ff485412.png,571
b58e8d136aff5a50.png,565
4a1a40a116088962.png,624
60f5900a00d94b25.png,558
9ab953cce5c7f879.png,367
6ad1230d612d7eb7.png,680
d3aa8ee50458c020.png,874
3b32eca218ed3dbe.png,838
f20783fc38473514.png,774
1ac44ddb6a2d497a.png,27
cc43200264a62126.png,590
89d8361c6bfe905c.png,51
38d8d105d5e70c80.png,755
741fc1a3fc08731d.png,400
cc283b8f7f46fbf0.png,962
d2d2b255935f0aae.png,432
74dbbe535861d709.png,194
00312c7e7196baf4.png,220
f33087679c5e7799.png,588
17f3b8a057bc01be.png,575
172f992e1a0ebbc3.png,492
1e4bb9fd37654da6.png,538
114c98c078c5aab0.png,108
83896b9fb7e9c2f8.png,547
ba4508962af69d90.png,827
d05076189b7fd185.png,765
54153d17b11b495c.png,551
17cfccd62451a233.png,571
f5a2cf5c66d313fa.png,656
93114736f072d6d3.png,763
868af4a2e614f5ac.png,467
f43fbfe8a9ea876c.png,378
21554e755b9706d2.png,76
405dd60729a8c18d.png,496
1a95932427129cda.png,465
be97d1e63c32043e.png,230
51b390bb124a6d9d.png,422
7b71925e989ee1d8.png,35
42e55ac6782d4d99.png,819
70b9b8ae11327472.png,983
5973419efd52f783.png,795
44aa69f642b86628.png,549
b48febf2b989205b.png,635
6bff4ecb94f1f84e.png,866
49591319edeb6b3a.png,416
6217866896fbe2b7.png,867
c335ce88293384f2.png,629
01f824264783f58d.png,678
67c0339b1dfda5f6.png,496
3bd1ba0432603b28.png,89
46b657df12fd7c26.png,724
4bb12984b41d0834.png,8
784232355d49601b.png,161
54a6b2cd7f89220e.png,171
d386396825739960.png,227
8f5e0855ca8de8ea.png,716
c17d39b1eba4cc03.png,732
3dfbdd066af9ca1e.png,5
e91abe0f1a7a30f4.png,495
f9937696f421f4e4.png,491
57e62606f02d0251.png,646
ed786d792c4309a4.png,962
df58f94361c6d105.png,13
2e541180b2323a5d.png,905
493e327b171ab0c3.png,856
35d67f3f70aeef92.png,582
a74f197288b10a0d.png,748
45315ea51da415ab.png,189
d9da4e5ef53d5e8b.png,487
3f40eba168e5d385.png,936
2200794c59b1808e.png,214
8555611998ea426a.png,497
73ee2cc19ef92e50.png,686
e9ecdf28dc1d5a85.png,192
51d1c77f80467b59.png,538
abe9504895f6e8dd.png,607
b7d9e1d8cf1d7912.png,485
9534108b0e8dceb1.png,822
9f6fe669276f04cf.png,697
50b9e11ae686ae32.png,34
412311ea17528b7c.png,440
97151fe7a0a6e2e3.png,228
95fbd20d0aaf319a.png,300
c83cfca4bc9dd3c7.png,730
1ef172b89f4a39cf.png,536
296033c3a5910845.png,797
d7d8fc1442a82a8e.png,846
477bf90e7413df23.png,836
c02ff39fe5832f4b.png,675
69854b68476d5068.png,733
1b57d7bbd673c771.png,927
32c0e4647ce5a812.png,743
f20911d36a287dce.png,492
f1ce339a44d7a118.png,702
641d03527848417f.png,450
b3f200c672c5ca4f.png,275
694e7617a4878041.png,720
c755f3b0f89028fc.png,827
c10f6e0689efbc1c.png,297
62949c357e429690.png,116
72e6ba0cc7fb30a6.png,834
9455bd672cb9e4bd.png,582
76d7e2d1bf3a31fe.png,732
26aa2e6ee43387e7.png,741
04546cc5e537d7cd.png,649
7d599306068f4594.png,514
7278c2b63080f08c.png,287
48762c2cd2ed47e1.png,308
8e9e976fc98e3cfa.png,740
90ab38bb74020d5a.png,141
4f04ca75d7aafc0a.png,633
d72f34526e12fd83.png,325
cebd45d7200f6111.png,947
408bae58c26a8076.png,761
38546e7d7136c2ab.png,114
44fa09bc5f8e69a5.png,990
435137d9d4f4125e.png,269
dcb6b32cd80f2b1f.png,832
a4f718e554dd18dd.png,95
380053c506e32105.png,514
f2d36d089779166a.png,805
4a251fb6d80b5137.png,82
a2de1f4f2c1021fa.png,185
19d43f8204d3183d.png,378
c35cd0d5673ec1db.png,367
95d1a6be6786190f.png,983
70b3b833463d20b9.png,857
2891f4aa2279d369.png,405
fafbad0b3093a886.png,315
64577d3916d6dafb.png,754
56e9d5f63cfc507e.png,624
d531a31add433f46.png,769
4f722cab5573a5fb.png,392
3e7b01ba495f15f9.png,410
6a50fbe8723a6a4a.png,597
5d1df4748743d42e.png,322
5ec826683757ffae.png,369
8749fd2540a0cb01.png,448
da4b3e38b069d735.png,691
038fd7a750733bb5.png,103
bfb2aaf48d7fc08c.png,953
5d23b04cc45bc37b.png,737
11afa51200515f9a.png,567
d02adcb9140880a1.png,783
ae24c23192976a40.png,888
558a7b66b78ba65b.png,668
dd4d033a9a45552d.png,126
b217644382dcd864.png,708
f734e87286835196.png,660
5191cfba868056a5.png,793
9cf861a657c27cec.png,897
d0029b3675b792ae.png,902
0d85e0103989c850.png,722
24159caf9c5e92be.png,743
1b1ffd7000d0749f.png,991
635ea505879178ed.png,923
4d008626b4b68665.png,780
5bf502c4a4b7d04d.png,350
cb71a056a8e05bb2.png,941
33adbc27fdcadd65.png,716
53fe22426ff21243.png,779
58bbaa0c5ab520d5.png,716
3841b33c9797cbf1.png,953
9f3afb58c061c290.png,754
6c9f8901246faff2.png,689
607702d7ef44d081.png,347
d4c817db6be62b71.png,164
29fe8d653950a631.png,542
7c3b0d93654b39cd.png,428
f5dffe28fc19b6e7.png,730
f2bfa7a95e787fe1.png,218
c8abefc975e94b10.png,675
6ab876a15af539c4.png,611
aa90f93ed6fae139.png,828
4b8517e927f32962.png,271
a6535c039bfeba2c.png,292
212476b1b58a0cfe.png,697
d392f0639c17f396.png,590
ff5182599937c1ec.png,210
73064ceb466612d5.png,673
740981d161a38bad.png,149
e3f5dbed7bd31314.png,864
303781188f1b3b27.png,339
adcf48b42266309d.png,589
dacb07f80166a7fd.png,108
9c0e25e2f72438e8.png,506
05817a675e7506d1.png,754
864fffaf7a83b3f4.png,373
e0c0f412d78571dc.png,409
121c87c3c822e2c5.png,386
16ff75228179469c.png,386
62ebd5f7ce015380.png,692
0707f3dfb7c29f5c.png,740
3f48b1e74589d310.png,508
